age,hours_per_day,while_working,instrumentalist,exploratory,tempo,frequency_classical,frequency_country,frequency_edm,frequency_folk,frequency_gospel,frequency_hiphop,frequency_jazz,frequency_kpop,frequency_latin,frequency_lofi,frequency_metal,frequency_pop,frequency_rnb,frequency_rock,anxiety,depression,insomnia,music_effects,streaming_service_Other,streaming_service_Spotify,streaming_service_YouTube Music,fav_genre_Country,fav_genre_EDM,fav_genre_Folk,fav_genre_Gospel,fav_genre_Hip-Hop,fav_genre_Jazz,fav_genre_K-Pop,fav_genre_Latin,fav_genre_Lofi,fav_genre_Metal,fav_genre_Pop,fav_genre_R&B,fav_genre_Rock
-0.3,0.0,1,1,1,156.0,1,0,1,0,0,2,0,3,3,1,0,3,2,0,3,0,1,2,0,1,0,0,0,0,0,0,0,0,1,0,0,0,0,0
4.2,-0.5,1,0,1,119.0,2,0,0,1,2,1,3,1,2,1,0,2,2,3,7,2,2,2,1,0,0,0,0,0,0,0,0,0,0,0,0,0,0,1
-0.3,0.3333333333333333,0,0,0,132.0,0,0,3,0,0,1,1,3,0,2,2,1,0,1,7,7,10,1,0,1,0,0,0,0,0,0,0,0,0,1,0,0,0,0
4.0,-0.16666666666666666,1,0,1,84.0,2,0,0,1,2,0,3,2,3,2,0,2,2,0,9,7,3,2,0,0,1,0,0,0,0,0,1,0,0,0,0,0,0,0
-0.3,0.3333333333333333,1,0,1,107.0,0,0,1,0,1,3,0,3,2,2,0,2,3,0,7,2,5,2,0,1,0,0,0,0,0,0,0,0,0,0,0,0,1,0
-0.3,0.6666666666666666,1,1,1,86.0,1,2,0,0,0,2,3,3,1,3,1,3,3,3,8,8,7,2,0,1,0,0,0,0,0,0,1,0,0,0,0,0,0,0
-0.3,0.0,1,1,1,66.0,2,0,1,2,1,1,2,0,1,1,1,1,1,0,4,8,6,2,0,0,1,0,0,0,0,0,0,0,0,1,0,0,0,0
0.0,-0.6666666666666666,1,0,1,95.0,0,0,1,0,0,3,1,3,0,2,0,2,2,0,5,3,5,2,0,1,0,0,0,0,0,0,0,1,0,0,0,0,0,0
-0.2,1.0,1,0,0,94.0,0,3,0,2,0,0,0,0,0,0,3,0,0,3,2,0,0,2,0,1,0,0,0,0,0,0,0,0,0,0,0,0,0,1
-0.3,-0.6666666666666666,1,0,1,155.0,1,1,1,1,2,1,1,0,1,1,0,2,2,2,2,2,5,2,1,0,0,0,0,0,0,0,0,0,0,0,0,0,1,0
-0.3,0.0,1,1,1,40.0,0,3,0,0,0,0,0,0,0,0,0,1,1,1,7,7,4,1,0,1,0,1,0,0,0,0,0,0,0,0,0,0,0,0
-0.2,1.6666666666666667,1,0,1,125.0,1,0,3,0,0,2,1,1,1,1,0,1,1,1,1,0,0,2,0,0,1,0,1,0,0,0,0,0,0,0,0,0,0,0
0.0,0.0,1,0,1,40.0,1,0,1,0,0,3,0,2,0,3,0,2,2,1,9,3,2,2,0,1,0,0,0,0,0,1,0,0,0,0,0,0,0,0
-0.2,-0.3333333333333333,1,0,1,88.0,0,3,1,2,0,2,0,0,0,1,0,1,0,0,2,1,2,2,0,1,0,1,0,0,0,0,0,0,0,0,0,0,0,0
-0.3,0.3333333333333333,1,1,1,148.0,3,1,0,0,0,0,3,0,2,1,2,2,0,2,6,4,7,2,0,1,0,0,0,0,0,0,1,0,0,0,0,0,0,0
-0.4,-0.3333333333333333,0,0,1,40.0,1,1,0,0,0,2,1,1,1,1,1,3,1,2,7,5,4,0,0,1,0,0,0,0,0,0,0,0,0,0,0,1,0,0
-0.5,1.6666666666666667,1,0,1,103.0,0,0,0,0,0,3,0,0,0,0,0,0,2,0,8,8,4,2,0,1,0,0,0,0,0,1,0,0,0,0,0,0,0,0
-0.5,3.0,1,0,1,120.0,1,0,2,1,0,3,1,0,0,0,2,2,1,3,5,7,10,2,0,1,0,0,0,0,0,1,0,0,0,0,0,0,0,0
-0.4,4.333333333333333,1,0,1,99.0,1,0,0,0,0,2,2,2,1,0,2,1,2,3,7,5,0,2,0,1,0,0,0,0,0,1,0,0,0,0,0,0,0,0
-0.6,0.0,0,0,0,120.0,0,0,0,0,0,3,1,0,0,0,1,1,2,1,7,3,0,2,0,1,0,0,0,0,0,1,0,0,0,0,0,0,0,0
-0.6,1.6666666666666667,1,0,1,120.0,1,0,2,1,0,3,2,3,2,1,1,3,1,2,6,9,3,2,0,0,0,0,0,0,0,1,0,0,0,0,0,0,0,0
-0.4,0.3333333333333333,1,0,1,125.0,0,1,1,0,0,2,0,0,0,1,1,2,0,2,10,10,2,2,0,1,0,0,0,0,0,1,0,0,0,0,0,0,0,0
-0.2,0.6666666666666666,1,0,1,118.0,1,1,2,3,1,3,2,0,0,1,1,1,3,2,6,7,5,2,1,0,0,0,0,0,0,0,0,0,0,0,0,0,1,0
-0.3,-0.3333333333333333,1,0,0,79.0,1,1,2,0,0,1,0,1,2,0,0,3,0,0,3,3,8,1,0,1,0,0,0,0,0,0,0,0,0,0,0,1,0,0
-0.5,0.0,1,1,1,84.0,1,1,0,1,2,2,2,0,1,0,2,0,2,3,10,6,8,2,1,0,0,0,0,0,0,0,0,0,0,0,0,0,0,1
-0.3,-0.3333333333333333,0,0,1,169.0,2,1,1,3,1,1,1,3,0,2,0,3,2,2,7,4,2,2,0,1,0,0,0,0,0,0,0,0,0,0,0,1,0,0
-0.7,3.0,1,1,1,136.0,2,2,1,1,1,3,2,0,0,3,0,3,3,3,8,6,10,2,0,1,0,0,0,0,0,0,0,0,0,0,0,0,0,1
-0.3,1.0,1,1,0,101.0,2,1,1,1,1,2,2,0,0,0,0,3,2,0,3,2,1,2,0,0,1,0,0,0,0,0,0,0,0,0,0,1,0,0
-0.4,-0.3333333333333333,1,1,1,126.0,0,3,1,1,0,0,1,2,3,1,1,3,1,2,6,6,4,2,0,1,0,0,0,0,0,0,0,0,0,0,0,1,0,0
-0.4,-0.6666666666666666,1,0,1,183.0,1,0,0,1,0,0,2,0,0,0,2,2,0,2,8,2,1,2,0,0,0,0,0,0,0,0,0,0,0,0,0,1,0,0
-0.1,0.6666666666666666,1,1,1,40.0,0,1,1,3,0,3,2,0,2,2,3,2,2,3,7,7,2,2,0,0,0,0,0,0,0,0,0,0,0,0,0,0,0,1
-0.2,-0.3333333333333333,1,0,0,120.0,3,0,0,0,0,1,1,0,0,2,0,3,0,0,4,4,4,1,0,1,0,0,0,0,0,0,0,0,0,0,0,0,0,0
-0.2,1.0,1,1,1,40.0,0,0,0,1,0,1,2,1,0,2,3,2,0,2,9,8,2,2,0,1,0,0,0,0,0,0,0,0,0,0,1,0,0,0
-0.4,0.3333333333333333,0,0,1,142.0,1,1,1,3,0,2,1,1,0,1,1,3,1,3,5,6,6,2,0,1,0,0,0,0,0,0,0,0,0,0,0,0,0,1
-0.5,-0.6666666666666666,1,0,0,75.0,3,0,0,1,0,0,0,0,0,0,1,0,0,0,0,0,0,1,0,1,0,0,0,0,0,0,0,0,0,0,0,0,0,0
-0.3,0.6666666666666666,1,1,1,120.0,2,1,2,1,2,2,1,2,1,2,1,3,2,1,3,2,1,2,0,1,0,0,0,0,0,0,0,0,0,0,0,1,0,0
0.0,0.3333333333333333,1,0,0,89.0,0,0,1,0,0,2,0,1,1,0,0,3,0,0,6,8,0,2,0,1,0,0,0,0,0,0,0,0,0,0,0,1,0,0
-0.4,0.0,1,0,1,40.0,0,0,2,0,0,3,1,2,0,0,1,3,2,3,2,0,4,1,1,0,0,0,0,0,0,0,0,0,0,0,0,1,0,0
0.5,-0.8333333333333334,0,0,0,140.0,1,0,1,2,0,0,1,0,0,0,0,1,0,3,9,8,1,1,1,0,0,0,0,0,0,0,0,0,0,0,0,0,0,1
-0.1,0.3333333333333333,1,0,1,161.0,1,1,3,2,1,2,1,2,0,2,1,3,3,3,7,2,8,2,0,1,0,0,1,0,0,0,0,0,0,0,0,0,0,0
0.2,-0.3333333333333333,1,1,1,80.0,2,1,0,1,2,0,2,1,1,1,1,2,2,2,4,2,3,2,0,0,1,0,1,0,0,0,0,0,0,0,0,0,0,0
-0.3,0.6666666666666666,1,1,1,130.0,3,0,0,2,0,2,2,1,0,2,3,2,1,3,7,6,5,2,0,1,0,0,0,0,0,0,0,0,0,0,0,0,0,1
1.6,-0.9166666666666666,0,0,1,147.0,3,1,0,1,0,1,2,0,1,0,0,3,2,2,3,2,10,1,0,0,1,0,1,0,0,0,0,0,0,0,0,0,0,0
-0.4,0.0,1,0,1,120.0,3,0,3,0,0,3,2,2,1,2,0,2,3,1,6,6,8,2,0,1,0,0,0,0,0,0,0,0,0,0,0,0,0,0
-0.3,0.3333333333333333,1,0,1,77.0,1,0,0,0,0,3,1,0,0,0,3,2,2,3,1,0,8,1,0,1,0,0,0,0,0,0,0,0,0,0,1,0,0,0
-0.4,-0.6666666666666666,1,1,0,118.0,0,2,1,3,0,1,0,0,1,1,1,1,1,2,7,3,1,2,1,0,0,0,0,1,0,0,0,0,0,0,0,0,0,0
1.5,-0.6666666666666666,0,1,0,132.0,3,2,0,1,0,0,0,0,0,0,2,1,0,2,8,9,3,1,0,1,0,0,0,0,0,0,0,0,0,0,0,0,0,0
0.3,0.0,1,0,1,115.0,1,0,1,2,0,0,0,1,0,3,1,2,0,3,9,6,4,2,0,1,0,0,0,0,0,0,0,0,0,0,0,0,0,1
-0.3,0.6666666666666666,1,0,1,157.0,0,0,1,1,0,3,1,0,1,1,3,2,1,3,7,9,5,2,0,1,0,0,0,0,0,0,0,0,0,0,1,0,0,0
-0.2,0.0,1,0,0,90.0,2,1,2,0,0,3,2,1,0,2,1,3,2,2,7,4,2,1,0,1,0,0,0,0,0,0,0,0,0,0,0,1,0,0
-0.4,-0.3333333333333333,1,1,1,128.0,0,1,3,0,0,1,0,0,1,1,3,2,2,3,0,0,0,2,0,0,0,0,1,0,0,0,0,0,0,0,0,0,0,0
-0.5,1.0,1,0,1,169.0,1,0,0,1,2,3,1,3,3,3,0,2,3,1,7,8,7,2,0,1,0,0,0,0,0,0,0,1,0,0,0,0,0,0
0.2,-0.6666666666666666,0,0,0,140.0,2,1,2,1,0,3,3,0,0,0,2,1,1,3,10,6,3,1,0,0,0,0,0,0,0,1,0,0,0,0,0,0,0,0
0.2,3.0,1,0,1,96.0,3,1,0,3,0,1,2,1,1,1,0,3,2,1,3,7,5,1,0,1,0,0,0,0,0,0,0,0,0,0,0,1,0,0
0.1,0.3333333333333333,1,0,1,126.0,1,0,1,2,0,1,1,0,0,1,2,3,2,3,8,7,4,2,0,1,0,0,0,0,0,0,0,0,0,0,0,0,0,1
-0.5,-0.3333333333333333,1,1,1,40.0,3,0,0,0,0,1,2,0,0,0,0,1,1,2,0,0,1,2,0,0,0,0,0,0,0,0,0,0,0,0,0,0,0,0
-0.3,1.0,1,0,1,91.0,1,0,0,1,0,0,0,0,0,0,3,1,0,3,8,6,2,1,0,1,0,0,0,0,0,0,0,0,0,0,0,0,0,1
2.1,-1.0,1,0,0,40.0,1,1,0,0,0,0,1,0,0,0,2,1,1,2,9,0,10,1,1,0,0,0,0,0,0,0,0,0,0,0,0,0,0,1
0.2,1.3333333333333333,1,0,1,55.0,1,3,0,3,3,2,1,0,1,0,2,2,1,1,6,4,2,2,0,1,0,0,0,1,0,0,0,0,0,0,0,0,0,0
0.2,-0.6666666666666666,1,1,0,85.0,2,2,2,1,0,1,2,1,1,3,0,2,3,2,7,0,0,2,1,0,0,0,0,0,0,0,0,0,0,1,0,0,0,0
-0.2,-0.6666666666666666,0,1,1,160.0,0,0,0,0,0,0,2,3,0,0,0,0,0,0,10,1,0,2,0,0,1,0,0,0,0,0,0,1,0,0,0,0,0,0
0.1,-0.6666666666666666,0,1,1,108.0,1,0,2,1,0,0,3,0,0,0,0,2,1,3,8,7,0,2,1,0,0,0,0,0,0,0,0,0,0,0,0,0,0,1
-0.6,-0.3333333333333333,1,1,0,156.0,0,0,1,1,0,0,0,0,0,1,2,2,0,3,3,2,6,2,1,0,0,0,0,0,0,0,0,0,0,0,0,0,0,1
0.4,-0.3333333333333333,0,0,0,170.0,1,1,1,2,0,1,0,1,0,1,3,2,0,3,5,5,3,1,0,1,0,0,0,0,0,0,0,0,0,0,1,0,0,0
1.1,0.6666666666666666,1,0,0,91.0,2,0,1,2,0,2,1,1,0,0,3,3,3,3,10,10,3,0,0,1,0,0,0,0,0,0,0,0,0,0,0,0,0,1
1.5,1.0,1,0,1,174.0,3,0,1,3,0,0,0,2,0,1,3,1,0,2,5,4,10,2,0,1,0,0,0,0,0,0,0,0,0,0,1,0,0,0
0.3,0.0,0,0,1,130.0,2,2,0,1,0,0,1,0,1,0,3,3,0,3,0,0,8,1,0,1,0,0,0,0,0,0,0,0,0,0,0,0,0,1
0.8,0.3333333333333333,0,0,1,140.0,1,2,1,0,1,3,1,1,1,1,0,2,2,2,8,8,5,2,0,1,0,0,0,0,0,1,0,0,0,0,0,0,0,0
2.0,0.0,1,1,1,130.0,2,0,2,0,0,1,1,0,0,2,2,2,0,1,10,7,8,2,0,0,0,0,0,0,0,0,0,0,0,0,1,0,0,0
1.5,-0.3333333333333333,1,1,1,127.0,2,1,3,2,1,1,3,0,0,0,3,2,1,3,7,3,1,2,1,0,0,0,0,0,0,0,0,0,0,0,0,0,0,1
-0.2,0.0,1,0,1,160.0,1,2,2,1,0,2,1,0,2,2,2,2,3,3,8,7,4,2,0,0,1,0,0,0,0,0,0,0,0,0,0,0,0,1
1.0,-0.3333333333333333,1,0,1,40.0,0,2,0,1,2,0,2,1,0,0,2,3,0,3,10,2,0,1,0,1,0,0,0,0,0,0,0,0,0,0,0,0,0,1
-0.5,0.3333333333333333,1,0,0,40.0,2,1,1,2,0,1,1,1,1,2,2,3,1,3,9,8,1,2,0,1,0,0,0,0,0,0,0,0,0,0,0,0,0,1
0.5,-0.3333333333333333,1,1,1,165.0,1,1,3,1,1,3,1,1,1,1,1,2,1,3,6,3,1,2,0,1,0,0,0,0,0,1,0,0,0,0,0,0,0,0
0.1,-0.8333333333333334,0,0,0,113.0,2,0,0,0,0,3,1,0,1,0,0,2,2,0,7,7,0,1,0,0,0,0,0,0,0,1,0,0,0,0,0,0,0,0
-0.5,0.6666666666666666,1,1,1,167.0,2,1,0,0,1,1,3,3,1,0,0,3,1,2,7,7,8,2,0,1,0,0,0,0,0,0,1,0,0,0,0,0,0,0
-0.4,0.6666666666666666,1,0,1,95.0,0,2,1,1,0,0,0,0,0,0,3,1,0,3,4,1,0,2,0,1,0,0,0,0,0,0,0,0,0,0,1,0,0,0
-0.2,2.3333333333333335,1,0,1,110.0,0,1,3,0,0,2,0,3,0,0,0,1,3,0,7,2,1,2,0,1,0,0,0,0,0,0,0,0,0,0,0,0,1,0
-0.3,-0.3333333333333333,0,0,0,150.0,2,1,3,0,1,1,1,0,0,2,0,3,1,1,9,0,5,2,0,0,1,0,1,0,0,0,0,0,0,0,0,0,0,0
-0.3,0.3333333333333333,1,0,1,93.0,0,0,1,0,0,3,2,2,1,2,0,3,3,2,2,7,1,2,0,0,1,0,0,0,0,1,0,0,0,0,0,0,0,0
-0.2,0.6666666666666666,0,1,1,90.0,1,0,0,1,0,2,3,0,3,1,2,1,2,3,10,8,7,2,0,1,0,0,0,0,0,0,0,0,0,0,0,0,0,1
-0.2,0.0,1,0,1,118.0,1,0,1,0,0,3,3,1,2,3,0,2,2,1,3,0,0,2,0,1,0,0,0,0,0,0,1,0,0,0,0,0,0,0
0.1,-0.3333333333333333,1,0,1,126.0,0,0,3,0,0,2,0,3,0,0,0,2,0,3,7,8,5,1,0,1,0,0,0,0,0,0,0,1,0,0,0,0,0,0
-0.5,-0.16666666666666666,1,1,1,103.0,1,2,0,3,0,1,2,0,2,2,1,3,1,3,2,1,0,2,0,1,0,0,0,0,0,0,0,0,0,0,0,0,0,1
-0.2,0.0,1,0,1,77.0,1,0,2,0,0,3,1,3,1,1,1,3,3,1,5,4,0,2,0,1,0,0,0,0,0,0,0,0,0,0,0,0,1,0
1.6,-0.6666666666666666,1,0,0,115.0,1,1,1,1,0,1,1,1,0,1,1,2,1,3,9,10,6,1,0,1,0,0,0,0,0,0,0,0,0,0,0,0,0,1
-0.7,1.3333333333333333,1,1,0,110.0,1,0,3,0,0,0,3,0,2,0,0,2,0,3,2,0,0,2,0,1,0,0,0,0,0,0,1,0,0,0,0,0,0,0
1.2,-0.6666666666666666,0,0,0,40.0,1,2,2,0,0,2,0,0,1,0,3,2,1,2,5,2,5,2,1,0,0,0,0,0,0,0,0,0,0,0,1,0,0,0
0.5,-0.6666666666666666,0,0,0,113.0,1,2,0,2,0,3,3,0,0,0,3,3,3,3,3,2,0,1,0,1,0,0,0,0,0,0,0,0,0,0,0,0,1,0
1.1,0.0,1,0,0,157.0,0,0,1,0,0,3,0,0,2,1,0,2,3,1,2,0,7,1,0,1,0,0,0,0,0,1,0,0,0,0,0,0,0,0
0.9,0.6666666666666666,1,1,1,160.0,2,1,0,2,0,1,0,0,0,0,3,2,0,3,7,6,6,1,0,1,0,0,0,0,0,0,0,0,0,0,1,0,0,0
2.2,1.0,1,1,1,109.0,2,1,3,1,1,1,1,2,1,3,1,2,1,2,5,4,8,1,1,0,0,0,0,0,0,0,0,0,0,1,0,0,0,0
0.3,0.3333333333333333,1,0,1,175.0,3,1,1,0,0,1,1,0,0,0,2,3,1,3,4,6,5,2,0,1,0,0,0,0,0,0,0,0,0,0,0,0,0,0
1.5,-0.6666666666666666,1,0,1,110.0,2,1,0,0,0,0,0,0,0,0,1,2,1,3,6,2,3,2,0,0,1,0,0,0,0,0,0,0,0,0,0,0,0,1
-0.2,0.3333333333333333,1,0,1,162.0,1,0,1,0,0,1,2,0,0,2,0,2,0,1,8,2,1,2,0,0,1,0,1,0,0,0,0,0,0,0,0,0,0,0
0.1,2.3333333333333335,1,0,1,189.0,1,3,0,3,0,0,1,0,0,0,3,1,0,2,9,6,0,2,0,1,0,0,0,0,0,0,0,0,0,0,1,0,0,0
-0.1,0.0,0,0,1,121.0,1,2,3,0,0,2,0,1,0,2,0,2,0,2,0,3,7,2,0,1,0,0,1,0,0,0,0,0,0,0,0,0,0,0
1.0,-0.3333333333333333,0,0,1,200.0,1,1,0,1,0,1,1,0,0,1,2,2,0,3,8,9,6,2,0,1,0,0,0,0,0,0,0,0,0,0,0,0,0,1
-0.2,0.3333333333333333,1,0,1,105.0,2,0,0,0,0,2,2,1,0,0,2,2,1,3,4,1,1,2,0,1,0,0,0,0,0,0,0,0,0,0,1,0,0,0
-0.6,1.6666666666666667,1,0,0,193.0,0,0,0,0,0,0,0,0,0,0,2,1,0,3,8,7,5,2,0,1,0,0,0,0,0,0,0,0,0,0,0,0,0,1
-0.3,-0.3333333333333333,0,1,1,149.0,0,0,1,0,0,2,0,0,0,0,3,2,0,3,3,4,6,2,0,1,0,0,0,0,0,0,0,0,0,0,1,0,0,0
0.4,-0.8333333333333334,0,1,0,140.0,3,0,0,0,1,0,2,0,2,0,1,1,1,3,1,1,3,2,1,0,0,0,0,0,0,0,0,0,0,0,0,0,0,0
-0.4,0.6666666666666666,1,0,1,134.0,0,1,0,0,0,2,0,0,0,1,3,2,2,3,10,8,6,1,0,0,0,0,0,0,0,0,0,0,0,0,1,0,0,0
0.7,-0.6666666666666666,0,0,1,120.0,1,0,3,2,0,0,0,0,0,1,1,1,0,2,6,6,2,1,0,0,1,0,0,0,0,0,0,0,0,0,0,0,0,1
-0.1,0.0,1,0,1,170.0,0,0,1,0,0,1,0,2,0,1,1,2,2,3,6,7,0,2,0,1,0,0,0,0,0,0,0,0,0,0,0,0,0,1
0.0,-0.3333333333333333,1,1,1,107.0,2,1,0,3,0,0,1,0,0,1,3,1,0,2,8,4,10,1,0,0,1,0,0,0,0,0,0,0,0,0,1,0,0,0
2.0,0.0,1,0,0,113.0,2,0,1,1,1,3,2,1,1,0,1,3,3,3,9,7,6,1,0,1,0,0,0,0,0,0,0,0,0,0,0,1,0,0
-0.1,-0.3333333333333333,1,1,1,126.0,0,0,2,0,0,1,0,0,0,0,0,3,0,3,7,4,6,2,0,1,0,0,0,0,0,0,0,0,0,0,0,1,0,0
1.3,0.3333333333333333,1,0,1,161.0,1,0,2,0,0,2,1,0,0,0,3,1,0,2,6,7,0,1,1,0,0,0,0,0,0,0,0,0,0,0,1,0,0,0
0.0,0.0,1,0,1,40.0,2,1,0,2,0,0,0,0,0,0,3,3,0,3,10,0,10,2,0,0,1,0,0,0,0,0,0,0,0,0,1,0,0,0
0.2,-0.3333333333333333,1,0,1,100.0,1,0,0,1,0,0,0,0,0,2,3,1,0,2,6,3,0,2,0,1,0,0,0,0,0,0,0,0,0,0,1,0,0,0
-0.5,0.0,0,0,0,140.0,1,0,0,0,0,2,1,0,1,0,0,3,2,0,7,5,5,2,0,1,0,0,0,0,0,0,0,0,0,0,0,1,0,0
-0.2,0.3333333333333333,1,0,1,156.0,1,1,1,1,0,2,1,1,0,0,1,3,1,2,7,10,5,2,0,0,1,0,0,0,0,0,0,0,0,0,0,1,0,0
0.1,-0.3333333333333333,1,1,1,98.0,2,0,0,1,0,2,2,0,2,1,1,3,2,3,8,6,0,2,0,1,0,0,0,0,0,0,0,0,0,0,0,0,0,1
-0.2,1.6666666666666667,1,0,1,100.0,3,0,1,0,0,2,2,3,0,3,0,3,2,1,4,3,0,2,0,1,0,0,0,0,0,0,0,1,0,0,0,0,0,0
0.2,0.3333333333333333,1,0,1,78.0,1,0,2,2,0,3,1,3,2,3,1,3,3,2,7,6,7,2,0,1,0,0,0,0,0,1,0,0,0,0,0,0,0,0
0.2,-0.3333333333333333,0,1,0,117.0,0,0,1,0,0,1,1,0,0,0,3,0,0,2,7,3,2,2,0,1,0,0,0,0,0,0,0,0,0,0,1,0,0,0
0.1,-0.6666666666666666,0,0,1,128.0,0,0,3,0,1,2,2,0,0,0,0,3,3,2,2,7,5,2,0,1,0,0,1,0,0,0,0,0,0,0,0,0,0,0
-0.4,0.0,1,0,1,130.0,1,2,2,2,0,1,1,1,0,3,2,3,3,3,7,8,6,2,0,1,0,0,0,0,0,0,0,0,0,0,0,0,0,1
0.7,-0.8333333333333334,0,0,1,130.0,1,2,0,3,0,1,1,0,0,0,0,2,0,3,4,7,1,2,0,1,0,0,0,1,0,0,0,0,0,0,0,0,0,0
0.2,-0.3333333333333333,0,0,1,40.0,0,0,0,0,0,2,0,2,0,0,3,3,0,3,7,8,5,1,0,1,0,0,0,0,0,0,0,0,0,0,0,0,0,1
-0.2,0.0,1,0,1,126.0,0,2,2,0,0,3,0,0,0,1,1,1,1,3,5,2,8,2,0,0,0,0,0,0,0,0,0,0,0,0,0,0,0,1
-0.4,-0.3333333333333333,1,1,1,122.0,1,0,2,2,0,3,2,1,1,1,3,1,1,3,10,7,4,2,0,1,0,0,0,0,0,1,0,0,0,0,0,0,0,0
0.0,-0.6666666666666666,0,0,1,179.0,0,1,0,1,0,2,1,0,0,3,2,1,2,3,6,5,0,1,0,0,1,0,0,0,0,0,0,0,0,0,0,0,0,1
0.8,0.6666666666666666,1,0,1,200.0,1,0,0,1,0,0,3,0,1,1,1,0,2,3,7,2,3,2,1,0,0,0,0,0,0,0,1,0,0,0,0,0,0,0
0.1,2.3333333333333335,0,1,0,128.0,2,2,3,3,0,0,1,0,0,0,1,0,1,2,4,7,7,2,0,1,0,0,1,0,0,0,0,0,0,0,0,0,0,0
-0.3,0.3333333333333333,1,1,1,130.0,2,1,2,1,0,1,2,2,2,2,3,3,1,3,4,5,6,2,0,1,0,0,0,0,0,0,0,0,0,0,0,1,0,0
-0.8,-0.3333333333333333,1,1,1,120.0,1,0,2,3,1,2,0,0,0,2,2,3,1,3,7,10,5,0,0,1,0,0,0,0,0,0,0,0,0,0,0,0,0,1
0.3,-0.6666666666666666,0,0,1,86.0,2,0,1,1,0,1,0,0,0,0,3,2,2,3,6,4,5,2,0,1,0,0,0,0,0,0,0,0,0,0,1,0,0,0
1.4,1.0,1,0,1,166.0,2,1,2,3,0,1,2,1,1,2,2,2,1,3,4,1,3,1,0,1,0,0,0,0,0,0,0,0,0,0,0,0,0,1
0.8,-0.6666666666666666,1,1,1,110.0,2,0,0,1,2,0,1,0,0,0,0,2,1,2,6,6,1,2,0,0,1,0,1,0,0,0,0,0,0,0,0,0,0,0
0.7,1.0,1,0,0,144.0,2,1,0,2,0,1,1,0,1,1,2,2,2,3,10,8,7,2,0,1,0,0,0,0,0,0,0,0,0,0,0,0,0,1
1.1,1.3333333333333333,1,0,1,120.0,2,0,1,0,0,2,1,0,0,1,1,3,3,3,10,8,2,2,0,1,0,0,0,0,0,0,0,0,0,0,0,1,0,0
1.1,-0.6666666666666666,0,0,1,120.0,1,0,3,1,1,2,1,0,1,1,0,2,1,1,3,6,2,1,1,0,0,0,1,0,0,0,0,0,0,0,0,0,0,0
0.0,0.0,1,1,1,160.0,0,0,0,3,0,2,0,0,0,2,3,1,0,3,8,9,2,2,0,1,0,0,0,0,0,0,0,0,0,0,0,0,0,1
-0.3,-0.3333333333333333,1,1,0,101.0,0,0,2,0,0,1,0,0,0,1,0,1,0,2,8,3,8,2,0,1,0,0,0,0,0,0,0,0,0,1,0,0,0,0
-0.2,0.0,1,1,1,122.0,3,1,0,0,0,0,0,1,0,2,0,3,0,1,3,3,1,2,0,1,0,0,0,0,0,0,0,0,0,0,0,0,0,0
-0.3,-0.3333333333333333,1,1,1,40.0,1,1,0,0,0,1,0,3,1,1,1,3,1,1,6,5,2,2,0,0,0,0,0,0,0,0,0,0,0,0,0,1,0,0
-0.5,0.0,1,0,0,40.0,1,2,2,0,0,1,0,2,0,2,0,3,0,3,0,0,4,1,0,0,1,0,0,0,0,0,0,0,0,0,0,1,0,0
0.4,-0.5,1,0,0,61.0,2,1,1,2,0,1,0,0,0,1,1,3,3,3,6,5,0,2,0,1,0,0,0,0,0,0,0,0,0,0,0,1,0,0
-0.4,0.3333333333333333,1,0,1,79.0,3,0,0,0,2,2,1,2,0,3,0,3,2,1,3,8,0,2,0,1,0,0,0,0,0,0,0,0,0,1,0,0,0,0
-0.5,-0.3333333333333333,1,0,1,126.0,3,0,0,0,0,3,0,2,0,1,0,3,3,0,1,8,0,1,0,1,0,0,0,0,0,1,0,0,0,0,0,0,0,0
0.6,2.3333333333333335,1,0,1,185.0,2,0,2,0,0,2,1,0,0,1,3,3,1,3,5,6,6,2,0,1,0,0,0,0,0,0,0,0,0,0,1,0,0,0
3.2,1.3333333333333333,1,0,1,92.0,3,2,3,1,1,2,2,1,2,1,1,3,3,3,0,0,0,2,0,1,0,0,0,0,0,0,0,0,0,0,0,1,0,0
0.4,-0.6666666666666666,1,0,0,107.0,0,0,3,0,0,1,0,1,0,1,0,0,0,1,0,8,0,2,0,1,0,0,1,0,0,0,0,0,0,0,0,0,0,0
1.3,-0.3333333333333333,0,0,0,120.0,0,0,1,0,0,0,0,0,0,0,3,1,0,2,3,7,0,2,0,1,0,0,0,0,0,0,0,0,0,0,1,0,0,0
0.1,1.0,1,1,1,140.0,2,1,3,3,1,3,3,1,2,2,2,3,3,2,8,8,8,2,1,0,0,0,0,0,0,0,1,0,0,0,0,0,0,0
-0.4,-0.3333333333333333,1,1,1,94.0,2,0,0,0,0,1,2,0,0,1,2,3,0,3,5,2,3,2,0,1,0,0,0,0,0,0,1,0,0,0,0,0,0,0
0.5,0.0,1,1,1,160.0,1,1,0,3,1,1,2,0,0,1,1,2,2,2,8,8,3,2,0,1,0,0,0,1,0,0,0,0,0,0,0,0,0,0
-0.2,1.6666666666666667,1,0,1,174.0,0,0,3,0,0,2,0,1,0,0,1,2,2,2,6,8,8,2,0,1,0,0,1,0,0,0,0,0,0,0,0,0,0,0
0.0,0.0,1,0,1,136.0,1,3,2,1,0,3,1,0,3,2,1,3,3,2,6,8,6,0,0,1,0,0,0,0,0,0,0,0,0,0,0,1,0,0
1.1,0.0,1,1,1,144.0,1,1,2,3,0,2,1,0,2,3,1,2,3,3,6,6,7,2,0,1,0,0,0,0,0,0,0,0,0,0,0,0,0,1
0.0,0.0,1,0,0,77.0,0,0,0,2,2,2,2,0,1,0,1,1,1,3,9,10,3,1,1,0,0,0,0,0,0,0,0,0,0,0,0,0,0,1
0.4,-0.3333333333333333,0,1,0,120.0,1,0,0,1,0,2,0,0,2,0,0,3,2,3,7,7,5,2,0,1,0,0,0,0,0,0,0,0,0,0,0,1,0,0
0.5,-0.6666666666666666,0,0,0,40.0,1,0,1,1,0,1,1,0,0,1,2,2,1,3,10,7,2,1,0,1,0,0,0,0,0,0,0,0,0,0,0,0,0,1
0.0,-0.3333333333333333,1,1,1,40.0,1,0,0,2,0,1,0,0,0,1,3,1,0,3,1,3,0,1,0,1,0,0,0,0,0,0,0,0,0,0,1,0,0,0
-0.4,-0.3333333333333333,1,1,0,40.0,1,0,0,0,0,1,3,3,0,3,0,3,3,0,5,3,2,2,0,1,0,0,0,0,0,0,0,0,0,0,0,1,0,0
0.7,0.3333333333333333,1,0,1,194.0,1,2,1,1,0,2,2,1,0,0,2,2,1,3,6,8,1,2,1,0,0,0,0,0,0,0,0,0,0,0,0,0,0,1
2.0,0.3333333333333333,1,0,1,60.0,1,0,2,3,0,3,2,1,1,2,1,3,3,3,7,2,0,2,0,0,1,0,0,0,0,0,0,0,0,0,0,1,0,0
-0.3,-0.6666666666666666,1,1,1,190.0,1,0,1,0,0,2,0,0,0,0,3,1,0,3,6,9,9,2,0,1,0,0,0,0,0,0,0,0,0,0,1,0,0,0
0.1,-0.3333333333333333,0,0,0,87.0,2,0,0,0,0,1,0,3,3,2,0,2,3,1,1,1,4,1,0,1,0,0,0,0,0,0,0,0,0,0,0,0,1,0
-0.3,-0.3333333333333333,1,0,0,122.0,1,0,0,0,0,0,0,3,0,1,0,3,2,0,0,2,0,2,1,0,0,0,0,0,0,0,0,1,0,0,0,0,0,0
2.8,-0.6666666666666666,1,0,1,156.0,2,0,3,2,0,2,1,1,1,2,2,2,1,3,8,8,2,2,1,0,0,0,1,0,0,0,0,0,0,0,0,0,0,0
0.0,0.0,1,1,1,150.0,2,1,1,2,0,1,1,1,0,2,3,3,1,3,3,3,7,1,0,1,0,0,0,0,0,0,0,0,0,0,1,0,0,0
0.6,2.3333333333333335,1,0,1,194.0,0,1,2,2,0,2,1,1,1,2,3,3,2,3,8,8,3,2,0,1,0,0,0,0,0,0,0,0,0,0,1,0,0,0
-0.2,-0.6666666666666666,0,0,1,160.0,0,0,0,0,0,1,0,0,0,2,3,2,1,3,6,4,0,1,0,1,0,0,0,0,0,0,0,0,0,0,1,0,0,0
0.6,0.0,1,0,1,171.0,2,0,0,1,0,2,1,0,0,1,3,0,1,2,1,0,0,2,0,1,0,0,0,0,0,0,0,0,0,0,1,0,0,0
0.6,-0.5,1,0,0,95.0,0,0,0,1,0,2,0,1,0,1,3,2,0,3,5,5,4,2,0,1,0,0,0,0,0,0,0,0,0,0,0,0,0,1
-0.2,0.0,1,1,1,114.0,2,0,0,3,1,1,1,3,0,2,0,2,2,2,8,9,6,2,0,1,0,0,0,0,0,0,0,1,0,0,0,0,0,0
2.1,-0.16666666666666666,1,1,0,148.0,2,1,3,1,0,2,3,0,1,1,2,1,1,2,8,8,7,2,0,0,1,0,0,0,0,0,0,0,0,0,0,0,0,1
3.9,-0.3333333333333333,1,0,0,119.0,1,2,0,1,3,0,0,0,1,0,0,2,1,2,3,0,2,2,1,0,0,0,0,0,1,0,0,0,0,0,0,0,0,0
-0.2,0.6666666666666666,1,0,0,136.0,2,1,1,2,2,2,1,0,0,3,3,0,0,3,0,5,1,1,0,0,1,0,0,0,0,0,0,0,0,0,1,0,0,0
-0.1,-0.3333333333333333,1,0,1,141.0,1,0,0,1,0,2,1,0,0,2,0,3,2,2,6,3,0,2,0,0,0,0,0,0,0,0,0,0,0,0,0,1,0,0
0.7,-0.3333333333333333,0,0,0,146.0,1,0,0,1,0,1,0,0,0,0,3,1,0,2,1,7,5,2,0,1,0,0,0,0,0,0,0,0,0,0,1,0,0,0
-0.5,-0.3333333333333333,0,1,1,40.0,2,1,0,0,1,2,2,1,0,2,0,2,2,1,4,2,1,1,1,0,0,0,1,0,0,0,0,0,0,0,0,0,0,0
-0.3,-0.3333333333333333,1,0,0,164.0,2,0,0,0,0,1,0,0,0,1,0,3,3,0,5,6,0,1,0,1,0,0,0,0,0,0,0,0,0,0,0,0,1,0
1.3,-0.6666666666666666,1,0,1,40.0,1,0,3,0,0,0,0,3,0,1,3,1,0,3,1,0,0,1,0,1,0,0,0,0,0,0,0,0,0,0,0,0,0,1
-0.3,-0.5,1,0,1,40.0,0,1,1,0,0,1,3,2,1,3,0,3,2,1,8,6,5,2,0,0,1,0,0,0,0,0,0,0,0,0,0,1,0,0
0.0,0.6666666666666666,1,1,1,128.0,2,1,0,3,1,1,2,0,1,2,1,3,2,3,9,4,0,2,0,1,0,0,0,1,0,0,0,0,0,0,0,0,0,0
1.7,-0.8333333333333334,0,0,1,40.0,0,0,1,2,1,2,1,0,2,0,0,3,2,3,4,6,6,2,0,1,0,0,0,0,0,0,0,0,0,0,0,0,0,1
-0.4,-0.3333333333333333,1,0,0,40.0,0,1,1,1,0,0,0,1,0,2,1,2,0,3,7,3,1,2,0,1,0,0,0,0,0,0,0,0,0,0,0,0,0,1
1.4,-0.8333333333333334,0,0,0,40.0,2,0,0,2,0,0,0,0,0,1,0,3,1,2,10,3,1,1,1,0,0,0,0,0,0,0,0,0,0,0,0,1,0,0
0.0,-0.3333333333333333,1,0,0,101.0,1,2,1,2,0,3,1,0,3,3,3,3,3,3,8,8,3,2,1,0,0,0,0,0,0,0,0,0,0,0,0,0,0,1
0.4,-0.16666666666666666,1,0,0,40.0,1,0,0,1,1,2,1,0,3,3,1,2,3,2,7,6,5,2,0,0,0,0,0,0,0,0,0,0,0,0,0,0,1,0
-0.3,-0.3333333333333333,1,1,1,98.0,3,0,0,1,1,2,2,3,1,3,0,2,3,0,7,2,3,2,0,1,0,0,0,0,0,0,0,1,0,0,0,0,0,0
-0.5,-0.3333333333333333,0,0,1,145.0,0,2,1,2,1,1,0,1,0,2,0,3,1,3,10,3,5,2,0,0,0,0,0,0,0,0,0,0,0,0,0,1,0,0
-0.2,-0.6666666666666666,1,0,1,94.0,1,2,1,1,0,2,1,0,0,1,1,3,2,3,7,5,1,2,0,1,0,0,0,0,0,0,0,0,0,0,0,1,0,0
1.0,0.3333333333333333,1,1,0,103.0,3,0,1,0,1,2,1,0,2,0,2,1,0,2,6,8,9,2,0,1,0,0,0,0,0,0,0,0,0,0,0,0,0,0
0.5,0.6666666666666666,1,0,0,40.0,0,0,2,0,0,0,0,0,0,0,0,3,0,3,2,9,2,1,0,1,0,0,0,0,0,0,0,0,0,0,0,0,0,1
-0.5,-0.3333333333333333,1,1,0,112.0,1,0,3,1,0,0,0,0,0,1,1,2,1,3,7,4,10,2,0,1,0,0,0,0,0,0,0,0,0,0,0,0,0,1
0.5,-0.3333333333333333,1,1,1,40.0,3,1,1,3,0,1,0,0,0,2,2,1,0,3,7,5,6,2,0,1,0,0,0,0,0,0,0,0,0,0,0,0,0,1
-0.4,-0.3333333333333333,1,0,1,118.0,1,1,0,0,2,2,1,3,0,1,0,2,3,0,6,1,0,2,0,1,0,0,0,0,0,0,0,0,0,0,0,0,1,0
0.1,-0.6666666666666666,1,1,1,40.0,2,2,1,3,0,0,0,1,1,0,3,1,0,3,3,6,1,2,0,1,0,0,0,0,0,0,0,0,0,1,0,0,0,0
-0.1,0.3333333333333333,1,0,1,113.0,2,1,0,1,0,2,2,1,0,1,0,2,3,3,9,10,3,2,0,0,0,0,0,0,0,0,0,0,0,0,0,0,1,0
0.9,-0.6666666666666666,0,1,1,162.0,2,2,1,2,0,1,0,0,0,0,2,2,0,3,8,5,8,2,0,1,0,0,0,0,0,0,0,0,0,0,0,0,0,1
0.5,0.3333333333333333,1,0,0,40.0,1,3,1,0,0,1,1,0,2,0,1,3,1,2,8,7,7,2,1,0,0,0,0,0,0,0,0,0,0,0,0,1,0,0
-0.2,0.6666666666666666,1,0,1,111.0,2,1,0,2,1,1,2,1,1,1,3,2,1,3,9,9,9,1,0,1,0,0,0,0,0,0,0,0,0,0,0,0,0,1
0.0,0.6666666666666666,1,0,1,85.0,0,3,1,2,0,1,0,0,0,0,2,2,0,3,9,8,9,2,0,1,0,1,0,0,0,0,0,0,0,0,0,0,0,0
1.2,1.3333333333333333,1,0,1,134.0,1,2,2,2,1,3,1,1,2,2,2,3,3,3,9,3,7,2,0,1,0,0,0,0,0,0,0,0,0,0,0,0,0,1
0.7,-0.3333333333333333,1,0,1,172.0,0,1,1,1,0,2,0,1,0,2,1,2,3,3,10,8,6,2,0,0,1,0,0,0,0,0,0,0,0,0,0,0,0,1
0.4,0.0,1,0,1,180.0,1,0,2,2,0,1,0,1,0,2,3,2,1,3,9,6,3,2,0,1,0,0,0,0,0,0,0,0,0,0,0,0,0,1
0.1,-0.3333333333333333,1,0,0,120.0,1,0,1,1,1,1,1,0,0,1,0,3,1,2,7,7,8,2,0,0,1,0,0,0,0,0,0,0,0,0,0,1,0,0
-0.2,0.0,1,0,1,76.0,2,0,2,2,0,0,0,0,0,1,1,1,1,3,9,10,4,2,0,1,0,0,0,0,0,0,0,0,0,0,0,0,0,1
2.3,0.0,1,0,1,130.0,1,1,1,3,1,2,1,0,1,2,0,1,2,1,9,9,8,2,1,0,0,0,0,1,0,0,0,0,0,0,0,0,0,0
0.1,0.0,1,0,0,40.0,0,1,0,3,0,1,0,0,0,0,3,1,0,3,9,10,3,2,0,1,0,0,0,0,0,0,0,0,0,0,0,0,0,1
0.5,0.6666666666666666,1,1,1,109.0,2,1,3,1,1,1,2,2,0,1,3,2,2,2,10,9,8,2,0,1,0,0,0,0,0,0,0,0,0,0,1,0,0,0
0.2,1.0,1,0,0,96.0,3,0,0,1,0,0,0,0,1,0,0,1,0,0,6,5,6,2,1,0,0,0,0,0,0,0,0,0,0,0,0,0,0,0
-0.4,-0.3333333333333333,0,0,0,148.0,2,0,1,0,0,3,1,1,0,1,0,2,3,0,8,6,10,2,0,1,0,0,0,0,0,0,0,0,0,0,0,0,1,0
2.1,-0.3333333333333333,0,0,1,40.0,2,1,2,1,0,2,0,0,0,0,3,2,2,3,8,3,6,2,0,0,1,0,0,0,0,0,0,0,0,0,1,0,0,0
0.9,-0.6666666666666666,0,1,1,129.0,1,0,1,1,0,1,1,0,1,1,1,3,1,3,4,2,1,2,0,1,0,0,0,0,0,0,0,0,0,0,0,0,0,1
1.4,-0.6666666666666666,1,0,1,81.0,2,1,2,1,0,2,1,1,0,0,0,3,1,2,2,1,1,1,0,1,0,0,0,0,0,0,0,0,0,0,0,1,0,0
-0.1,0.0,0,0,1,136.0,0,3,0,0,0,0,0,0,0,0,3,3,0,3,10,10,7,2,0,1,0,0,0,0,0,0,0,0,0,0,0,0,0,1
-0.3,0.0,1,0,1,155.0,1,0,0,2,0,3,2,0,2,2,0,3,1,3,8,9,0,2,0,1,0,0,0,0,0,1,0,0,0,0,0,0,0,0
0.0,-0.6666666666666666,0,0,0,40.0,0,0,2,0,0,1,0,2,2,1,0,3,2,2,4,9,6,1,0,1,0,0,0,0,0,0,0,0,0,0,0,1,0,0
-0.2,1.0,1,0,1,52.0,0,0,1,3,0,1,1,0,3,1,2,3,1,3,4,2,0,2,0,1,0,0,0,0,0,0,0,0,0,0,0,0,0,1
1.6,0.3333333333333333,1,0,1,97.0,1,2,2,2,0,3,1,0,0,2,2,2,3,3,9,2,7,2,0,1,0,0,0,0,0,0,0,0,0,0,0,0,0,1
1.0,-0.3333333333333333,1,0,1,92.0,2,1,1,2,0,2,1,1,2,3,3,2,2,3,8,6,7,2,0,1,0,0,0,0,0,0,0,0,0,0,1,0,0,0
0.8,-0.3333333333333333,1,1,1,100.0,0,2,1,3,2,1,1,1,1,1,2,1,3,3,6,5,4,2,0,1,0,0,0,1,0,0,0,0,0,0,0,0,0,0
-0.1,0.0,1,0,1,120.0,2,1,1,3,0,1,2,0,0,2,2,3,1,3,8,5,2,2,0,1,0,0,0,0,0,0,0,0,0,0,0,0,0,1
1.5,1.6666666666666667,1,1,0,143.0,2,1,2,1,0,1,1,0,0,0,3,1,0,2,7,6,6,1,1,0,0,0,0,0,0,0,0,0,0,1,0,0,0,0
-0.3,0.0,1,1,1,118.0,2,0,0,1,0,0,2,0,0,1,1,2,0,3,10,2,0,2,0,1,0,0,0,0,0,0,0,0,0,0,0,0,0,1
-0.3,-0.3333333333333333,1,0,1,130.0,1,0,2,0,0,0,0,3,0,0,1,2,0,1,6,0,0,2,0,1,0,0,0,0,0,0,0,1,0,0,0,0,0,0
0.4,1.3333333333333333,1,0,0,120.0,0,2,3,1,1,2,0,3,1,1,1,3,2,1,2,0,1,2,0,1,0,0,0,0,0,0,0,0,0,0,0,1,0,0
-0.3,3.0,1,0,1,126.0,0,0,0,0,0,2,0,3,2,0,1,3,2,1,3,7,5,2,0,0,1,0,0,0,0,0,0,1,0,0,0,0,0,0
1.0,2.0,1,0,1,158.0,1,1,1,2,0,0,1,1,1,3,2,3,0,2,9,0,2,2,0,0,1,0,0,0,0,0,0,0,0,0,0,1,0,0
-0.4,-0.3333333333333333,1,0,1,160.0,1,1,1,1,1,2,2,2,0,0,1,3,1,2,5,4,1,2,0,1,0,0,0,0,0,0,0,0,0,0,0,1,0,0
0.0,-0.6666666666666666,1,0,0,40.0,0,1,0,3,0,1,2,0,0,1,1,1,0,2,8,4,0,2,0,1,0,0,0,1,0,0,0,0,0,0,0,0,0,0
0.9,-0.6666666666666666,0,0,0,119.0,0,3,0,0,0,2,0,0,0,0,0,3,1,2,8,10,2,2,1,0,0,1,0,0,0,0,0,0,0,0,0,0,0,0
1.9,-0.3333333333333333,1,0,1,120.0,2,0,2,1,0,1,1,0,0,1,3,1,1,3,3,6,2,1,0,0,0,0,0,0,0,0,0,0,0,0,1,0,0,0
4.3,0.3333333333333333,1,0,0,200.0,2,1,2,1,0,1,2,1,1,0,1,2,1,2,4,4,2,2,1,0,0,0,0,0,0,0,0,0,0,0,0,0,0,1
-0.7,-0.3333333333333333,1,1,1,136.0,1,0,0,2,0,2,1,0,0,0,2,3,1,3,7,5,2,2,0,1,0,0,0,0,0,0,0,0,0,0,0,0,0,1
0.5,1.0,1,0,1,104.0,2,0,0,1,0,1,2,0,0,0,1,2,0,3,3,2,0,1,0,0,1,0,0,0,0,0,0,0,0,0,0,0,0,1
1.4,0.3333333333333333,1,1,1,90.0,1,3,1,2,1,3,2,1,2,2,2,2,1,3,9,9,5,2,0,1,0,1,0,0,0,0,0,0,0,0,0,0,0,0
1.2,-0.6666666666666666,0,0,0,120.0,0,0,0,0,0,2,0,0,1,0,0,2,1,3,3,10,4,1,1,0,0,0,0,0,0,0,0,0,0,0,0,0,0,1
0.9,1.0,1,0,1,89.0,2,1,0,3,1,0,1,0,0,2,2,1,0,3,9,0,5,1,0,1,0,0,0,1,0,0,0,0,0,0,0,0,0,0
1.0,-0.3333333333333333,0,1,1,95.0,2,2,2,1,0,1,0,0,0,1,3,3,1,3,7,6,6,2,0,1,0,0,0,0,0,0,0,0,0,0,1,0,0,0
0.6,0.6666666666666666,1,0,1,140.0,1,0,2,3,2,1,1,2,2,3,2,3,2,3,0,9,4,2,0,1,0,0,0,1,0,0,0,0,0,0,0,0,0,0
3.2,-0.5,0,0,1,92.0,1,0,3,2,0,2,0,1,2,0,0,3,1,2,2,2,2,1,1,0,0,0,0,0,0,0,0,0,0,0,0,1,0,0
0.2,0.6666666666666666,1,1,1,120.0,2,1,0,1,0,0,1,0,0,0,3,1,0,3,6,9,2,2,0,1,0,0,0,0,0,0,0,0,0,0,1,0,0,0
0.4,-0.3333333333333333,1,0,1,128.0,1,1,3,1,0,2,2,2,0,1,3,3,1,3,6,4,1,2,0,1,0,0,1,0,0,0,0,0,0,0,0,0,0,0
-0.5,0.3333333333333333,1,1,1,140.0,3,1,1,2,1,3,2,3,2,3,3,3,2,2,8,9,4,2,0,0,0,0,0,0,0,0,0,1,0,0,0,0,0,0
-0.3,-0.3333333333333333,1,1,1,40.0,0,0,1,1,0,1,0,0,0,1,0,1,0,3,6,7,4,2,0,1,0,0,0,0,0,0,0,0,0,0,0,0,0,1
0.8,0.6666666666666666,1,1,1,40.0,3,0,0,1,0,0,1,0,0,0,1,2,1,2,7,2,2,2,0,1,0,0,0,0,0,0,0,0,0,0,0,0,0,0
1.0,1.0,1,0,1,136.0,1,1,3,1,0,2,0,0,0,1,1,2,2,2,8,6,5,1,0,0,1,0,1,0,0,0,0,0,0,0,0,0,0,0
1.0,-0.6666666666666666,0,0,0,132.0,2,1,0,0,0,1,0,0,2,0,2,1,1,3,3,10,0,0,0,1,0,0,0,0,0,0,0,0,0,0,0,0,0,1
1.7,1.0,1,1,1,107.0,3,2,2,2,2,3,3,1,2,2,1,3,3,2,9,4,9,2,0,1,0,0,0,0,0,0,0,0,0,0,0,1,0,0
-0.4,0.3333333333333333,0,1,1,135.0,3,0,0,0,0,3,3,1,3,2,2,1,2,0,7,9,2,0,0,1,0,0,0,0,0,0,0,0,0,0,0,0,0,0
0.4,-0.3333333333333333,0,0,0,171.0,0,2,3,1,0,0,0,0,0,0,1,2,0,3,10,3,1,2,0,0,0,0,1,0,0,0,0,0,0,0,0,0,0,0
-0.1,-0.3333333333333333,0,1,0,220.0,1,0,0,0,0,0,1,0,0,0,3,0,0,2,0,0,0,1,0,1,0,0,0,0,0,0,0,0,0,0,1,0,0,0
-0.6,-0.3333333333333333,1,0,0,171.0,0,0,3,0,0,2,0,0,0,0,0,1,1,0,9,6,1,1,0,1,0,0,1,0,0,0,0,0,0,0,0,0,0,0
-0.5,0.3333333333333333,1,0,1,85.0,1,1,3,1,0,1,1,0,0,3,1,2,0,1,7,1,3,2,0,1,0,0,0,0,0,0,0,0,0,1,0,0,0,0
-0.1,-0.3333333333333333,1,1,0,174.0,2,0,3,0,0,2,0,2,0,0,0,2,0,2,9,7,5,2,0,1,0,0,1,0,0,0,0,0,0,0,0,0,0,0
0.2,1.0,1,0,1,87.0,0,0,2,2,0,1,0,2,2,0,0,3,3,1,3,1,2,2,1,0,0,0,0,0,0,1,0,0,0,0,0,0,0,0
0.1,0.0,1,0,1,77.0,1,0,2,1,0,3,1,0,2,1,2,3,2,2,6,6,8,2,0,1,0,0,0,0,0,1,0,0,0,0,0,0,0,0
-0.6,0.6666666666666666,1,0,1,126.0,1,0,3,1,0,0,0,0,0,2,1,3,0,3,10,6,0,2,1,0,0,0,0,0,0,0,0,0,0,0,0,0,0,1
-0.4,-0.8333333333333334,1,1,0,136.0,1,2,2,0,0,0,1,0,0,0,1,2,1,2,6,3,1,2,1,0,0,0,1,0,0,0,0,0,0,0,0,0,0,0
0.1,-0.6666666666666666,1,0,1,80.0,1,0,1,2,0,1,0,0,0,2,0,1,0,1,3,3,0,1,0,0,1,0,1,0,0,0,0,0,0,0,0,0,0,0
0.0,2.3333333333333335,1,0,1,92.0,0,1,1,0,0,3,0,1,0,0,3,2,2,3,9,10,2,1,0,1,0,0,0,0,0,0,0,0,0,0,1,0,0,0
-0.2,-0.3333333333333333,1,0,0,120.0,1,0,2,1,0,1,2,2,2,2,0,3,3,3,7,5,0,1,0,1,0,0,0,0,0,0,0,0,0,0,0,1,0,0
1.1,-0.8333333333333334,0,0,1,40.0,3,0,2,1,0,0,1,0,0,0,2,1,0,3,3,0,4,1,0,0,0,0,0,0,0,0,0,0,0,0,0,0,0,0
1.3,-0.6666666666666666,0,0,0,138.0,1,0,0,2,0,1,0,0,1,0,0,1,0,3,9,9,6,2,0,0,1,0,0,0,0,0,0,0,0,0,0,0,0,1
-0.3,-0.3333333333333333,1,1,1,150.0,2,0,1,0,0,0,0,0,0,0,3,1,0,3,5,7,7,2,1,0,0,0,0,0,0,0,0,0,0,0,1,0,0,0
0.0,0.0,1,0,1,108.0,1,3,0,2,1,1,0,0,0,0,1,2,0,3,0,8,0,2,0,1,0,1,0,0,0,0,0,0,0,0,0,0,0,0
-0.1,0.0,0,0,1,119.0,1,3,1,2,0,2,1,2,0,0,0,3,3,2,8,4,3,2,0,1,0,1,0,0,0,0,0,0,0,0,0,0,0,0
-0.2,-0.3333333333333333,1,0,1,125.0,1,3,1,2,1,0,0,0,1,1,2,1,0,2,7,2,0,1,0,1,0,1,0,0,0,0,0,0,0,0,0,0,0,0
0.4,-0.6666666666666666,0,0,0,40.0,1,0,0,1,0,1,1,0,0,1,1,3,1,3,9,9,6,1,1,0,0,0,0,0,0,0,0,0,0,0,0,1,0,0
1.0,1.6666666666666667,1,1,1,40.0,3,0,1,1,0,0,2,0,0,0,0,0,0,1,5,7,5,2,0,1,0,0,0,0,0,0,0,0,0,0,0,0,0,0
0.0,-0.6666666666666666,1,1,1,85.0,3,1,1,2,0,1,0,2,0,1,3,3,2,2,5,1,0,2,0,1,0,0,0,0,0,0,0,0,0,0,0,1,0,0
1.0,-0.6666666666666666,0,0,1,113.0,3,0,0,2,0,1,0,0,1,0,0,0,0,2,4,1,3,2,0,0,1,0,0,1,0,0,0,0,0,0,0,0,0,0
-0.1,-0.6666666666666666,0,0,1,86.0,1,0,0,1,0,0,0,0,0,1,1,3,0,2,3,5,3,2,0,0,1,0,0,0,0,0,0,0,0,0,0,1,0,0
-0.2,0.6666666666666666,1,1,1,141.0,2,1,0,0,0,1,2,0,0,0,3,2,2,3,2,2,0,2,0,1,0,0,0,0,0,0,0,0,0,0,0,0,0,1
-0.2,0.6666666666666666,1,0,1,97.0,1,0,3,2,0,2,1,0,2,3,3,1,0,2,0,1,3,2,1,0,0,0,1,0,0,0,0,0,0,0,0,0,0,0
0.2,0.3333333333333333,1,0,1,40.0,1,2,2,0,0,2,0,1,0,2,3,3,3,3,7,8,6,2,0,1,0,0,0,0,0,0,0,0,0,0,1,0,0,0
0.3,1.6666666666666667,1,0,1,120.0,2,1,3,1,1,3,3,1,1,3,3,1,1,3,6,4,8,2,1,0,0,0,0,0,0,0,0,0,0,1,0,0,0,0
-0.1,-0.6666666666666666,0,0,0,144.0,1,0,0,0,0,0,0,0,0,2,1,3,1,3,5,6,8,2,1,0,0,0,0,0,0,0,0,0,0,0,0,0,0,1
-0.6,0.0,0,0,0,84.0,1,1,2,1,1,2,1,0,0,3,1,3,0,3,6,6,2,1,0,1,0,0,1,0,0,0,0,0,0,0,0,0,0,0
-0.4,1.3333333333333333,1,0,0,84.0,0,0,1,0,1,3,0,0,0,1,1,1,1,1,8,9,3,2,0,1,0,0,0,0,0,1,0,0,0,0,0,0,0,0
-0.1,-0.5,0,1,0,60.0,3,0,0,1,1,0,0,0,2,0,0,0,0,0,8,4,3,0,1,0,0,0,1,0,0,0,0,0,0,0,0,0,0,0
-0.7,0.3333333333333333,1,1,1,81.0,2,0,2,1,0,1,2,2,0,3,0,2,1,0,8,6,5,2,0,1,0,0,1,0,0,0,0,0,0,0,0,0,0,0
0.3,0.3333333333333333,1,0,1,150.0,2,1,0,1,1,1,0,0,0,0,3,2,1,3,8,8,7,2,0,1,0,0,0,0,0,0,0,0,0,0,1,0,0,0
-0.7,2.3333333333333335,1,0,0,95.0,1,0,2,0,0,2,1,0,0,3,2,0,0,1,5,2,5,2,1,0,0,0,0,0,0,0,0,0,0,1,0,0,0,0
0.2,-0.3333333333333333,1,1,1,138.0,3,0,1,1,0,2,2,0,1,1,1,2,2,3,6,8,4,1,0,1,0,0,0,0,0,0,0,0,0,0,0,0,0,1
0.7,-0.3333333333333333,1,0,0,40.0,1,0,0,1,0,0,2,1,0,2,1,2,1,3,7,5,2,1,0,0,0,0,0,0,0,0,0,0,0,0,0,0,0,1
0.1,1.0,1,0,1,140.0,2,1,3,1,1,1,3,2,0,2,2,2,2,3,8,8,7,2,0,1,0,0,0,0,0,0,1,0,0,0,0,0,0,0
0.4,-0.8333333333333334,1,1,1,139.0,1,0,3,0,0,1,0,1,0,0,1,2,1,3,10,2,0,2,0,1,0,0,0,0,0,0,0,0,0,0,0,0,0,1
0.6,-0.3333333333333333,1,1,1,100.0,2,1,3,0,0,2,3,3,2,2,2,3,3,2,8,7,7,2,0,1,0,0,0,0,0,0,0,0,0,0,0,1,0,0
-0.3,0.6666666666666666,1,0,1,40.0,1,0,1,1,0,1,0,1,0,1,2,3,1,3,8,8,8,2,0,1,0,0,0,0,0,0,0,0,0,0,0,0,0,1
-0.4,0.0,1,1,1,120.0,1,1,0,2,0,2,3,0,1,0,2,3,3,3,8,10,9,2,0,0,0,0,0,0,0,0,0,0,0,0,0,1,0,0
0.2,0.5,1,0,0,40.0,2,1,0,2,1,2,1,1,0,1,2,2,1,3,6,1,8,1,1,0,0,0,0,0,0,0,0,0,0,0,0,0,0,1
1.9,0.0,1,0,1,178.0,2,0,0,0,0,0,1,0,0,1,2,2,1,2,0,4,4,2,1,0,0,0,0,0,0,0,0,0,0,0,0,0,0,1
0.6,4.333333333333333,1,0,1,40.0,2,1,2,1,0,1,0,2,1,2,3,1,0,3,8,10,10,1,0,1,0,0,0,0,0,0,0,0,0,0,0,0,0,1
-0.3,-0.6666666666666666,0,0,1,100.0,1,1,0,1,1,2,0,0,0,0,0,3,1,2,3,2,0,1,0,1,0,0,0,0,0,0,0,0,0,0,0,1,0,0
-0.5,-0.16666666666666666,0,1,1,110.0,0,0,0,0,0,0,1,0,0,1,3,0,0,3,5,3,3,2,0,1,0,0,0,0,0,0,0,0,0,0,1,0,0,0
-0.3,-0.6666666666666666,0,0,1,108.0,2,1,0,2,0,2,0,0,0,0,2,2,1,3,8,9,6,2,0,1,0,0,0,0,0,0,0,0,0,0,0,0,0,1
0.2,-0.3333333333333333,0,1,0,40.0,1,1,1,1,1,1,1,1,1,1,1,1,1,1,10,3,0,1,0,1,0,0,0,0,0,0,1,0,0,0,0,0,0,0
-0.6,0.6666666666666666,1,1,1,161.0,0,0,1,0,0,0,0,0,0,0,3,1,0,2,6,7,8,2,1,0,0,0,0,0,0,0,0,0,0,0,1,0,0,0
-0.1,0.0,1,1,1,200.0,2,1,0,0,0,1,2,0,0,1,3,1,0,3,7,4,7,2,0,0,0,0,0,0,0,0,0,0,0,0,1,0,0,0
-0.5,0.0,1,1,1,40.0,0,1,0,1,0,0,0,0,2,0,1,1,1,3,9,8,6,2,0,1,0,0,0,0,0,0,0,0,0,0,0,0,0,1
-0.5,-0.8333333333333334,0,0,0,156.0,2,0,1,0,0,1,1,0,0,0,0,2,0,3,8,0,0,2,0,1,0,0,0,0,0,0,0,0,0,0,0,0,0,1
-0.1,1.6666666666666667,1,1,1,120.0,0,3,0,2,0,1,0,0,0,0,0,1,1,2,8,9,2,1,0,0,0,1,0,0,0,0,0,0,0,0,0,0,0,0
1.2,-0.3333333333333333,1,0,1,40.0,1,1,0,1,0,2,0,0,0,0,3,0,0,2,7,2,3,2,0,1,0,0,0,0,0,0,0,0,0,0,1,0,0,0
0.1,0.0,1,1,1,90.0,0,3,1,2,0,1,2,0,3,0,1,2,3,3,10,10,4,2,0,1,0,0,0,0,0,0,0,0,0,0,0,0,0,1
0.0,0.0,1,0,1,85.0,0,0,1,0,0,3,1,0,0,2,0,3,3,3,8,8,3,2,0,1,0,0,0,0,0,1,0,0,0,0,0,0,0,0
0.0,0.6666666666666666,1,1,1,171.0,1,0,2,0,0,3,2,0,0,2,3,1,2,2,8,7,7,2,0,0,0,0,0,0,0,0,0,0,0,0,1,0,0,0
0.8,-0.5,1,0,1,108.0,1,0,2,0,0,1,1,0,0,0,1,3,3,3,8,7,1,2,0,0,0,0,0,0,0,0,0,0,0,0,0,0,0,1
3.5,-0.6666666666666666,1,0,0,105.0,0,1,0,1,0,0,0,0,0,0,0,2,2,2,6,5,10,1,1,0,0,0,0,0,0,0,0,0,0,0,0,1,0,0
-0.4,-0.3333333333333333,1,1,1,76.0,2,0,0,0,0,1,1,0,0,1,0,3,1,0,7,6,0,2,0,1,0,0,0,0,0,0,0,0,0,0,0,1,0,0
0.1,-0.6666666666666666,1,0,0,108.0,1,1,2,0,0,0,1,0,0,0,0,3,0,1,7,4,0,2,0,1,0,0,0,0,0,0,0,0,0,0,0,1,0,0
0.5,0.3333333333333333,1,0,1,140.0,2,2,1,1,0,2,0,1,0,1,0,3,1,3,8,7,2,1,0,1,0,0,0,0,0,0,0,0,0,0,0,1,0,0
0.9,-0.6666666666666666,1,0,1,200.0,0,0,3,0,0,2,0,0,0,0,1,0,0,0,4,4,4,2,0,1,0,0,1,0,0,0,0,0,0,0,0,0,0,0
2.8,-0.3333333333333333,1,0,1,147.0,1,1,2,3,0,2,1,0,0,2,1,2,2,1,0,0,2,1,0,1,0,0,0,1,0,0,0,0,0,0,0,0,0,0
0.1,-0.3333333333333333,1,1,1,120.0,1,2,3,2,1,2,2,1,1,2,3,2,2,2,6,4,0,2,0,1,0,0,1,0,0,0,0,0,0,0,0,0,0,0
1.1,-0.3333333333333333,0,0,1,158.0,0,1,2,1,0,2,0,0,0,2,1,2,2,2,4,7,0,2,0,1,0,0,0,0,0,0,0,0,0,0,0,0,0,1
1.1,-0.6666666666666666,0,0,0,110.0,1,2,0,2,0,0,0,0,1,0,2,3,1,3,8,4,3,1,1,0,0,0,0,0,0,0,0,0,0,0,0,0,0,1
0.1,1.0,1,0,1,103.0,0,3,0,1,0,2,0,0,1,0,2,0,0,3,5,5,3,2,0,0,1,1,0,0,0,0,0,0,0,0,0,0,0,0
-0.4,-0.3333333333333333,1,0,1,93.0,0,1,2,2,1,1,2,1,1,1,3,3,2,3,0,8,0,2,0,1,0,0,0,0,0,0,0,0,0,0,0,0,0,1
0.0,0.3333333333333333,1,1,1,62.0,1,0,0,1,0,0,0,0,0,0,1,3,1,3,7,4,6,2,0,1,0,0,0,0,0,0,0,0,0,0,0,0,0,1
-0.4,-0.5,1,0,1,180.0,3,0,1,1,0,0,0,0,3,1,1,2,2,3,8,7,7,1,0,1,0,0,0,0,0,0,0,0,0,0,0,0,0,1
0.4,0.0,1,0,0,150.0,2,2,1,1,0,0,0,0,0,0,3,2,2,3,9,8,6,2,0,1,0,0,0,0,0,0,0,0,0,0,1,0,0,0
-0.6,0.3333333333333333,1,0,1,105.0,0,0,1,0,0,1,0,2,0,3,2,3,2,3,8,6,4,2,0,1,0,0,0,0,0,0,0,0,0,0,0,0,0,1
-0.8,2.3333333333333335,1,0,1,140.0,0,0,1,0,0,2,0,0,0,2,0,1,1,0,7,2,0,2,0,1,0,0,0,0,0,1,0,0,0,0,0,0,0,0
1.7,0.0,1,0,0,40.0,3,1,0,1,0,0,2,0,1,0,3,2,1,3,6,7,7,1,0,1,0,0,0,0,0,0,0,0,0,0,0,0,0,1
0.2,0.0,0,0,1,161.0,1,0,2,2,0,1,0,0,0,1,1,2,0,3,7,6,4,2,0,0,0,0,0,0,0,0,0,0,0,0,0,0,0,1
-0.4,0.0,1,0,1,120.0,2,2,2,1,1,3,1,3,0,3,0,3,3,3,1,1,1,2,0,1,0,0,0,0,0,0,0,0,0,0,0,1,0,0
3.8,-0.3333333333333333,1,0,1,103.0,1,0,3,1,0,1,2,1,1,1,0,3,3,2,1,1,3,2,0,0,1,0,0,0,0,0,0,0,0,0,0,1,0,0
0.1,-0.3333333333333333,1,1,1,72.0,1,1,0,1,1,2,2,0,1,1,0,3,3,2,2,7,1,2,0,1,0,0,0,0,0,0,0,0,0,0,0,1,0,0
-0.4,0.0,1,0,1,113.0,2,1,0,0,0,3,2,3,1,0,0,3,1,2,6,2,3,1,0,0,0,0,0,0,0,0,0,0,0,0,0,1,0,0
0.6,-0.3333333333333333,0,0,0,120.0,0,0,0,0,0,0,0,0,0,0,1,3,0,2,7,7,3,1,0,1,0,0,0,0,0,0,0,0,0,0,0,1,0,0
0.2,0.6666666666666666,1,1,0,95.0,2,0,2,0,0,1,1,1,0,2,1,2,1,2,8,7,0,1,0,1,0,0,0,0,0,0,0,0,0,1,0,0,0,0
-0.6,1.0,1,0,0,97.0,1,0,2,1,0,2,1,0,0,1,1,2,2,3,8,3,5,2,0,1,0,0,0,0,0,0,0,0,0,0,0,0,0,1
0.1,0.0,1,1,1,140.0,1,1,3,2,1,2,1,0,0,1,2,2,2,3,5,4,2,2,0,1,0,0,1,0,0,0,0,0,0,0,0,0,0,0
0.2,0.6666666666666666,1,0,1,120.0,3,1,2,2,1,1,2,1,1,3,1,3,3,3,7,10,10,2,0,1,0,0,0,0,0,0,0,0,0,1,0,0,0,0
-0.2,0.6666666666666666,1,0,1,118.0,1,3,0,3,2,1,2,0,3,1,0,2,2,2,7,6,8,2,0,1,0,1,0,0,0,0,0,0,0,0,0,0,0,0
1.1,1.0,1,0,0,91.0,0,1,2,0,0,1,1,0,0,0,0,2,1,3,8,7,0,2,0,1,0,0,0,0,0,0,0,0,0,0,0,0,0,1
1.9,1.0,1,0,1,128.0,2,2,2,2,1,2,2,0,2,2,1,2,2,3,10,7,3,1,0,1,0,0,0,0,0,0,0,0,0,0,0,0,0,1
0.0,0.0,1,0,1,86.0,0,3,1,2,1,2,0,0,0,0,1,2,1,2,6,5,5,2,0,1,0,1,0,0,0,0,0,0,0,0,0,0,0,0
0.0,2.3333333333333335,1,0,1,107.0,1,0,3,2,0,1,1,1,1,2,2,3,2,3,8,7,6,1,0,1,0,0,0,0,0,0,0,0,0,0,0,0,0,1
0.2,-0.3333333333333333,1,0,1,180.0,2,0,3,0,0,1,1,2,0,2,0,3,1,2,10,7,7,0,0,1,0,0,0,0,0,0,0,0,0,1,0,0,0,0
0.0,-0.3333333333333333,1,0,0,40.0,1,1,3,1,1,1,0,0,0,2,1,2,1,2,10,10,5,2,0,0,1,0,1,0,0,0,0,0,0,0,0,0,0,0
1.4,0.0,0,1,1,40.0,2,2,0,2,0,0,1,0,0,1,0,1,0,2,8,2,2,1,0,1,0,0,0,1,0,0,0,0,0,0,0,0,0,0
-0.3,-0.5,0,0,0,150.0,0,0,0,0,0,2,2,0,0,2,0,3,0,2,3,7,4,2,0,1,0,0,0,0,0,1,0,0,0,0,0,0,0,0
0.0,2.3333333333333335,1,0,1,112.0,0,1,0,0,0,1,0,0,0,0,0,2,1,2,9,7,5,2,1,0,0,0,0,0,0,0,0,0,0,0,0,1,0,0
0.1,-0.3333333333333333,1,0,0,40.0,0,0,1,0,0,2,1,0,1,0,0,3,0,2,5,3,0,2,1,0,0,0,0,0,0,0,0,0,0,1,0,0,0,0
0.2,0.0,1,1,1,66.0,1,1,0,3,0,2,2,0,0,0,3,3,3,3,10,7,0,2,0,1,0,0,0,0,0,0,0,0,0,0,0,0,0,1
-0.8,-0.16666666666666666,1,0,0,118.0,0,2,0,3,0,0,0,0,0,0,0,3,0,0,8,0,0,2,0,1,0,0,0,1,0,0,0,0,0,0,0,0,0,0
-0.2,0.0,1,0,1,110.0,2,1,1,2,0,1,0,3,0,2,0,3,3,3,6,0,3,2,0,1,0,0,0,0,0,0,0,1,0,0,0,0,0,0
1.2,-0.8333333333333334,1,1,0,80.0,2,0,1,0,0,0,1,0,0,1,2,1,0,2,7,9,4,2,0,0,1,0,0,0,0,0,0,0,0,0,0,0,0,1
-0.3,4.333333333333333,1,0,1,90.0,2,2,2,2,2,3,3,3,3,3,3,3,3,3,3,2,5,2,0,1,0,0,0,0,0,0,1,0,0,0,0,0,0,0
-0.4,1.0,1,1,1,120.0,3,1,0,0,0,1,2,1,0,2,0,3,0,0,4,2,0,2,0,0,1,0,0,0,0,0,0,0,0,0,0,0,0,0
-0.5,0.0,1,0,1,100.0,1,0,3,0,0,3,2,3,0,1,2,3,1,3,4,2,0,2,0,1,0,0,1,0,0,0,0,0,0,0,0,0,0,0
-0.3,-0.8333333333333334,0,0,1,66.0,1,0,0,2,0,0,0,0,0,0,0,2,1,3,5,3,1,1,0,0,1,0,0,0,0,0,0,0,0,0,0,0,0,1
-0.2,0.6666666666666666,1,0,1,158.0,1,2,2,0,0,1,1,3,1,0,0,3,3,1,4,2,2,2,0,1,0,0,0,0,0,0,0,1,0,0,0,0,0,0
-0.6,-0.3333333333333333,0,1,1,105.0,3,2,0,3,2,3,2,2,0,3,2,1,3,2,4,0,6,1,0,0,1,0,0,0,0,1,0,0,0,0,0,0,0,0
-0.4,-0.3333333333333333,1,0,1,208.0,0,0,0,0,0,1,0,1,0,0,3,3,0,3,7,6,3,2,0,1,0,0,0,0,0,0,0,0,0,0,0,1,0,0
0.4,-0.3333333333333333,1,0,1,91.0,2,1,2,1,0,3,3,1,2,3,0,2,1,3,7,8,6,2,0,1,0,0,0,0,0,0,0,0,0,1,0,0,0,0
0.3,-0.5,1,0,0,171.0,2,1,3,1,2,2,2,3,1,3,3,3,2,3,3,4,1,2,1,0,0,0,1,0,0,0,0,0,0,0,0,0,0,0
0.2,-0.6666666666666666,1,1,1,150.0,1,1,3,0,1,0,3,1,1,0,2,1,2,3,9,7,2,2,0,1,0,0,0,0,0,0,1,0,0,0,0,0,0,0
-0.5,2.3333333333333335,1,1,1,180.0,1,1,3,2,0,1,2,1,0,1,1,3,2,2,10,9,3,2,0,1,0,0,1,0,0,0,0,0,0,0,0,0,0,0
0.4,-0.3333333333333333,1,0,1,40.0,1,1,1,1,2,1,2,0,1,1,3,2,1,3,9,9,7,2,0,0,1,0,0,0,0,0,0,0,0,0,1,0,0,0
-0.5,4.0,1,1,1,85.0,1,0,3,0,0,1,1,0,0,1,2,2,0,3,8,10,9,2,0,1,0,0,1,0,0,0,0,0,0,0,0,0,0,0
-0.1,-0.8333333333333334,0,0,1,150.0,2,1,2,0,0,2,2,0,0,2,2,1,1,2,8,9,6,2,1,0,0,0,0,0,0,0,0,0,0,0,1,0,0,0
-0.4,0.0,1,0,1,104.0,0,1,1,0,2,2,0,0,0,0,3,0,1,3,5,6,9,2,0,1,0,0,0,0,0,0,0,0,0,0,1,0,0,0
0.8,-0.3333333333333333,1,0,1,40.0,0,0,0,0,0,0,0,0,0,0,3,2,0,3,9,3,7,2,1,0,0,0,0,0,0,0,0,0,0,0,1,0,0,0
-0.1,0.3333333333333333,1,0,1,85.0,0,1,3,1,0,3,0,0,0,0,0,2,2,2,3,2,1,2,0,1,0,0,0,0,0,1,0,0,0,0,0,0,0,0
-0.5,-0.3333333333333333,1,0,1,40.0,0,0,0,3,0,1,0,0,0,0,2,3,0,2,7,7,4,2,0,1,0,0,0,1,0,0,0,0,0,0,0,0,0,0
0.0,-0.6666666666666666,1,0,1,147.0,1,2,2,2,0,2,1,1,1,1,1,3,0,3,7,9,1,2,0,1,0,0,0,0,0,0,0,0,0,0,0,0,0,1
-0.5,4.333333333333333,1,0,1,120.0,0,0,1,0,0,0,0,1,1,1,1,1,1,2,5,1,9,2,0,1,0,0,0,0,0,0,0,0,0,0,0,0,0,1
2.2,-0.6666666666666666,1,0,1,134.0,2,0,0,2,1,2,1,0,0,1,0,3,1,2,3,3,0,2,0,1,0,0,0,0,0,0,0,0,0,0,0,1,0,0
1.1,-0.3333333333333333,1,1,1,40.0,3,2,1,3,2,2,2,1,2,1,3,3,2,3,8,7,5,2,1,0,0,0,0,0,0,0,0,0,0,0,0,0,0,0
-1.1,-0.3333333333333333,1,1,1,112.0,3,0,1,0,0,1,1,3,0,1,0,3,0,0,8,2,1,2,0,0,1,0,0,0,0,0,0,0,0,0,0,1,0,0
0.6,0.0,1,0,1,200.0,1,1,2,0,0,2,0,2,1,2,3,2,1,3,4,0,0,2,0,1,0,0,0,0,0,0,0,0,0,0,1,0,0,0
0.3,0.0,1,1,0,75.0,3,0,0,0,1,1,0,0,2,1,2,1,0,0,9,6,1,2,0,1,0,0,0,0,0,0,0,0,0,0,0,0,0,0
-0.3,-0.3333333333333333,1,0,1,40.0,1,0,1,0,1,3,1,3,2,0,0,2,3,0,10,7,2,2,0,1,0,0,0,0,0,1,0,0,0,0,0,0,0,0
-0.4,1.3333333333333333,1,0,0,140.0,0,0,0,0,0,0,0,0,0,2,0,3,0,3,8,7,7,2,0,0,0,0,0,0,0,0,0,0,0,0,0,0,0,1
-0.2,1.0,1,0,1,111.0,2,0,0,0,0,0,0,0,0,0,3,1,0,3,1,0,0,2,0,1,0,0,0,0,0,0,0,0,0,0,1,0,0,0
-0.5,0.0,1,0,1,150.0,2,0,2,0,0,1,1,1,0,1,2,2,2,3,5,7,1,2,0,0,1,0,0,0,0,0,0,0,0,0,0,0,0,1
4.3,0.6666666666666666,1,0,1,40.0,2,1,0,1,2,2,3,2,0,1,2,1,2,3,7,6,9,2,1,0,0,0,0,0,0,0,0,0,0,0,0,0,0,1
1.2,0.3333333333333333,1,1,1,114.0,2,1,1,2,0,2,2,1,1,3,3,2,1,2,8,8,2,2,0,0,0,0,0,0,0,0,0,0,0,1,0,0,0,0
1.1,0.0,1,1,0,93.0,3,2,2,2,0,0,3,1,1,0,3,1,0,3,2,2,8,1,1,0,0,0,0,0,0,0,0,0,0,0,0,0,0,1
-0.6,-0.3333333333333333,1,1,1,145.0,1,2,0,0,0,0,0,1,3,0,0,3,2,0,6,0,0,2,1,0,0,0,0,0,0,0,0,0,0,0,0,1,0,0
0.6,0.0,1,0,1,100.0,3,3,0,1,0,1,0,0,0,0,3,2,0,3,2,0,1,2,0,0,1,0,0,0,0,0,0,0,0,0,1,0,0,0
-0.1,-0.3333333333333333,1,0,1,114.0,1,1,0,2,0,0,1,0,0,0,1,2,1,3,6,2,6,1,1,0,0,0,0,0,0,0,0,0,0,0,0,0,0,1
0.2,-0.3333333333333333,1,0,1,109.0,1,3,0,1,3,3,2,1,0,1,0,3,3,3,6,1,0,2,1,0,0,0,0,0,0,0,0,0,0,0,0,1,0,0
-0.2,0.0,0,1,1,40.0,3,1,0,1,1,2,1,0,0,0,1,2,0,3,7,6,4,2,0,0,0,0,0,0,0,0,0,0,0,0,0,0,0,0
-0.9,-0.3333333333333333,1,1,0,40.0,3,0,0,0,0,0,0,0,0,1,0,1,0,0,0,0,3,2,0,0,1,0,0,0,0,0,0,0,0,0,0,0,0,0
-0.5,0.0,1,1,0,72.0,3,1,0,0,1,0,0,0,0,0,0,3,0,0,9,7,10,1,1,0,0,0,0,0,0,0,0,0,0,0,0,0,0,0
-0.4,-1.0,0,0,0,89.0,0,0,0,0,0,0,0,0,0,3,0,0,0,0,10,0,0,1,1,0,0,0,0,0,0,0,0,0,0,1,0,0,0,0
-0.7,-0.6666666666666666,1,1,1,140.0,1,1,3,1,1,2,2,2,1,2,1,3,2,2,6,6,3,2,0,1,0,0,0,0,0,0,0,0,0,0,0,1,0,0
1.1,-0.3333333333333333,1,0,1,84.0,1,1,3,1,1,1,1,1,0,2,3,2,1,2,4,3,1,2,0,1,0,0,0,0,0,0,0,0,0,0,1,0,0,0
-0.1,-0.3333333333333333,1,1,0,132.0,0,0,0,0,0,1,0,0,0,0,0,0,0,1,6,2,2,1,0,1,0,0,0,0,0,0,0,0,0,0,0,1,0,0
3.3,1.0,1,0,0,40.0,3,2,0,0,0,2,1,1,1,0,1,2,2,1,2,2,3,2,1,0,0,0,0,0,0,0,0,0,0,0,0,0,0,0
-0.3,0.6666666666666666,1,0,1,124.0,0,1,1,0,0,1,1,3,1,1,0,3,1,2,7,4,5,2,0,1,0,0,0,0,0,0,0,1,0,0,0,0,0,0
-0.7,-0.3333333333333333,1,1,1,181.0,3,0,0,0,0,1,0,0,0,1,2,2,0,3,7,5,3,2,0,1,0,0,0,0,0,0,0,0,0,0,0,0,0,0
-0.8,0.3333333333333333,1,1,1,126.0,3,0,2,1,0,0,1,1,0,0,1,3,0,2,8,5,10,2,1,0,0,0,0,0,0,0,0,0,0,0,0,0,0,0
-0.2,1.6666666666666667,1,0,1,109.0,0,3,0,1,0,0,0,0,0,0,1,1,0,2,7,5,6,2,0,0,0,1,0,0,0,0,0,0,0,0,0,0,0,0
-0.7,0.3333333333333333,1,1,1,106.0,3,0,1,0,0,2,2,1,1,1,2,2,2,2,6,8,8,2,0,1,0,0,0,0,0,0,0,0,0,0,0,0,0,0
-0.7,-0.5,0,1,1,140.0,3,0,0,0,1,0,2,0,0,0,0,0,0,1,1,2,4,2,0,0,1,0,0,0,0,0,0,0,0,0,0,0,0,0
-0.3,-0.3333333333333333,1,1,1,170.0,3,0,2,0,0,3,2,1,3,2,1,2,2,1,3,2,0,2,0,0,0,0,0,0,0,1,0,0,0,0,0,0,0,0
-0.6,0.6666666666666666,1,0,1,87.0,1,2,0,3,1,2,0,0,0,2,0,0,0,1,6,7,7,2,0,1,0,0,0,1,0,0,0,0,0,0,0,0,0,0
0.3,1.0,1,1,0,40.0,3,0,2,0,0,0,0,3,0,0,0,0,0,1,6,7,2,1,0,0,1,0,0,0,0,0,0,0,0,0,0,0,0,0
-0.4,-0.3333333333333333,1,0,0,117.0,1,0,0,0,0,1,1,0,0,2,1,3,3,0,9,8,4,2,0,0,0,0,0,0,0,0,0,0,0,0,0,1,0,0
2.3,-0.3333333333333333,0,0,1,105.0,2,2,2,2,1,2,1,1,0,0,2,2,2,3,7,7,2,2,0,1,0,0,0,0,0,0,0,0,0,0,0,0,0,1
0.2,-0.6666666666666666,0,1,1,40.0,2,0,0,0,0,0,1,0,0,1,2,0,0,3,1,0,1,2,0,1,0,0,0,0,0,0,0,0,0,0,0,0,0,1
0.0,-0.6666666666666666,0,0,0,160.0,1,1,0,0,0,2,1,0,0,1,1,2,2,1,4,3,4,2,0,0,0,0,0,0,0,1,0,0,0,0,0,0,0,0
3.6,-0.3333333333333333,0,0,1,40.0,1,2,0,0,1,2,2,0,0,0,0,2,2,1,2,0,0,2,1,0,0,0,0,0,0,0,0,0,0,0,0,0,1,0
0.2,-0.3333333333333333,1,1,1,141.0,1,1,0,3,0,1,0,0,0,3,3,3,0,3,0,5,7,1,0,1,0,0,0,0,0,0,0,0,0,0,0,0,0,1
-0.3,-0.6666666666666666,1,1,0,105.0,2,1,0,0,1,0,1,0,2,1,0,3,0,0,8,7,7,2,0,1,0,0,0,0,0,0,0,0,0,0,0,1,0,0
0.5,3.6666666666666665,1,0,1,158.0,2,2,1,3,0,3,3,1,1,3,1,2,3,3,5,10,8,1,0,1,0,0,0,0,0,1,0,0,0,0,0,0,0,0
-0.8,0.0,1,0,0,80.0,3,0,0,0,0,0,0,0,0,0,0,0,0,0,8,7,9,2,0,0,1,0,0,0,0,0,0,0,0,0,0,0,0,0
-0.6,0.0,1,1,1,118.0,3,0,0,0,0,0,0,1,0,2,0,2,0,0,9,6,8,2,0,1,0,0,0,0,0,0,0,0,0,0,0,0,0,0
3.6,-0.3333333333333333,1,1,1,125.0,0,0,0,0,0,1,2,0,1,1,2,2,2,3,2,2,7,1,0,0,1,0,0,0,0,0,0,0,0,0,0,0,0,1
-0.9,-0.8333333333333334,1,1,1,109.0,3,0,0,0,0,0,1,0,0,1,0,2,0,0,7,8,6,2,0,1,0,0,0,0,0,0,0,0,0,0,0,0,0,0
0.5,1.0,1,0,0,156.0,0,0,3,0,0,0,0,0,0,0,0,1,1,0,10,10,8,1,0,1,0,0,1,0,0,0,0,0,0,0,0,0,0,0
-0.4,-0.6666666666666666,1,1,0,105.0,0,3,0,1,1,0,1,0,0,0,1,1,1,2,8,5,2,2,0,1,0,1,0,0,0,0,0,0,0,0,0,0,0,0
-0.4,-0.3333333333333333,1,1,1,40.0,3,0,1,0,0,0,0,1,0,1,1,2,1,2,7,8,2,2,0,1,0,0,0,0,0,0,0,0,0,0,0,0,0,0
4.8,0.3333333333333333,1,1,1,72.0,3,2,0,2,2,1,3,1,1,1,0,2,2,3,1,1,2,2,1,0,0,0,0,0,0,0,0,0,0,0,0,0,0,0
-0.4,0.0,1,1,1,148.0,3,0,1,0,2,3,3,3,2,0,1,3,3,2,9,10,10,1,0,1,0,0,0,0,0,0,0,0,0,0,0,0,1,0
1.1,3.0,1,1,1,200.0,0,0,2,1,0,2,3,1,0,2,0,1,2,0,9,4,4,2,0,1,0,0,0,0,0,0,1,0,0,0,0,0,0,0
0.1,0.0,0,1,1,113.0,3,0,0,0,0,0,2,0,0,0,0,1,0,1,8,2,4,1,0,0,1,0,0,0,0,0,0,0,0,0,0,0,0,0
1.7,-0.6666666666666666,0,0,1,191.0,1,0,0,2,0,0,1,0,0,0,3,0,0,2,1,1,5,2,0,1,0,0,0,0,0,0,0,0,0,0,1,0,0,0
-0.3,2.3333333333333335,1,0,1,140.0,0,0,3,2,0,2,0,0,0,2,0,3,3,0,10,9,9,2,0,0,1,0,1,0,0,0,0,0,0,0,0,0,0,0
-0.7,0.6666666666666666,1,1,1,40.0,3,1,1,1,1,1,1,2,1,2,0,2,2,1,3,0,2,2,0,1,0,0,0,0,0,0,0,0,0,0,0,0,0,0
-0.7,-0.8333333333333334,1,1,1,173.0,3,0,0,1,0,0,1,2,1,0,0,3,0,0,4,0,4,2,1,0,0,0,0,0,0,0,0,0,0,1,0,0,0,0
-0.2,0.6666666666666666,1,1,1,180.0,1,1,1,1,0,1,1,0,1,2,3,2,1,3,2,3,5,2,0,1,0,0,0,0,0,0,0,0,0,0,1,0,0,0
-0.1,0.0,1,1,1,100.0,3,2,1,2,1,1,3,1,1,0,1,2,2,1,2,3,3,2,0,0,1,0,0,0,0,0,0,0,0,0,0,0,0,0
-0.3,-0.3333333333333333,0,0,1,123.0,0,3,0,1,1,1,1,0,0,0,2,3,0,2,8,4,3,2,0,1,0,0,0,0,0,0,0,0,0,0,0,0,0,1
0.9,3.3333333333333335,1,0,1,145.0,2,0,1,2,0,2,2,3,3,1,1,3,3,3,10,10,10,2,0,1,0,0,0,0,0,0,0,1,0,0,0,0,0,0
1.0,0.3333333333333333,1,1,1,55.0,3,1,0,1,1,0,2,0,0,1,1,0,0,2,8,8,9,2,1,0,0,0,0,0,0,0,0,0,0,0,0,0,0,0
5.1,1.0,1,1,0,77.0,0,2,0,0,0,0,3,0,2,0,0,1,3,3,0,1,0,2,0,1,0,0,0,0,0,0,0,0,0,0,0,0,0,1
5.2,0.0,1,0,1,40.0,2,3,1,2,3,2,2,1,3,0,1,2,3,2,5,4,0,2,1,0,0,0,0,0,0,0,0,0,0,0,0,0,1,0
-0.5,0.3333333333333333,1,0,1,150.0,1,1,2,2,1,3,1,2,1,2,1,3,1,1,7,5,7,2,0,1,0,0,0,0,0,0,0,0,0,0,0,1,0,0
-0.2,0.0,0,1,1,73.0,1,0,2,0,0,2,1,0,0,1,0,2,1,2,3,3,0,2,0,0,1,0,0,0,0,1,0,0,0,0,0,0,0,0
-0.5,-0.3333333333333333,1,1,0,155.0,3,1,0,1,0,1,1,0,0,1,0,3,0,1,7,5,3,2,0,1,0,0,0,0,0,0,0,0,0,0,0,0,0,0
-0.9,-0.3333333333333333,1,1,1,40.0,3,1,0,0,1,2,1,1,0,0,0,2,0,2,8,0,1,2,0,1,0,0,0,0,0,0,0,0,0,0,0,0,0,0
1.8,-0.6666666666666666,1,0,1,89.0,0,1,1,2,0,3,1,1,1,2,2,3,2,3,6,4,1,2,0,1,0,0,0,0,0,1,0,0,0,0,0,0,0,0
-0.6,1.0,1,1,1,110.0,2,0,1,2,0,1,2,3,2,2,1,3,2,3,8,8,7,1,0,1,0,0,0,0,0,0,0,1,0,0,0,0,0,0
-0.7,2.0,1,0,1,140.0,3,1,1,1,1,2,1,3,1,2,1,3,3,1,10,8,9,2,0,1,0,0,0,0,0,0,0,0,0,0,0,0,1,0
0.0,-0.6666666666666666,0,0,0,135.0,0,3,0,0,0,0,0,0,0,0,0,0,0,0,3,0,2,2,0,1,0,1,0,0,0,0,0,0,0,0,0,0,0,0
1.7,-0.6666666666666666,1,0,0,125.0,1,0,0,0,0,1,2,1,1,0,1,2,1,1,5,5,7,0,0,0,0,0,0,0,0,0,0,0,0,1,0,0,0,0
0.2,-0.8333333333333334,0,0,1,110.0,2,2,1,1,1,3,1,3,1,2,1,2,2,1,7,7,6,2,0,1,0,0,0,0,0,1,0,0,0,0,0,0,0,0
-0.5,-0.6666666666666666,0,0,1,140.0,0,0,3,0,0,2,1,0,0,2,2,1,1,2,7,4,6,2,1,0,0,0,1,0,0,0,0,0,0,0,0,0,0,0
0.0,-0.5,1,1,0,105.0,0,2,0,3,0,0,0,0,0,0,0,0,0,2,3,3,1,2,0,0,0,0,0,1,0,0,0,0,0,0,0,0,0,0
-0.8,1.0,1,0,1,112.0,0,0,0,0,0,3,0,1,0,1,0,1,0,0,4,0,0,0,0,1,0,0,0,0,0,1,0,0,0,0,0,0,0,0
-0.5,0.3333333333333333,1,0,1,96.0,1,2,2,2,0,2,1,2,0,3,3,3,0,3,3,0,6,2,0,1,0,0,0,0,0,0,0,0,0,0,0,0,0,1
-0.3,1.0,1,0,1,40.0,2,1,1,3,0,2,0,2,0,3,3,2,1,3,5,1,6,2,0,1,0,0,0,0,0,0,0,0,0,0,0,0,0,1
0.0,0.3333333333333333,1,0,1,155.0,0,0,3,0,0,0,0,0,0,1,2,0,0,3,10,6,8,2,0,1,0,0,0,0,0,0,0,0,0,0,1,0,0,0
-0.4,-0.5,1,0,1,174.0,3,1,0,1,0,0,2,0,0,2,0,3,1,0,7,5,1,1,0,1,0,0,0,0,0,0,0,0,0,0,0,0,0,0
0.3,-0.3333333333333333,1,0,1,93.0,1,2,0,3,0,2,2,0,1,2,0,1,1,3,7,7,0,1,0,0,0,0,0,0,0,0,0,0,0,0,0,0,0,1
-0.7,-0.3333333333333333,1,0,1,78.0,1,0,0,2,0,2,0,1,3,1,1,3,2,1,6,0,0,2,0,0,0,0,0,0,0,0,0,0,0,0,0,1,0,0
0.4,0.3333333333333333,1,0,1,40.0,2,1,1,3,1,2,2,1,1,2,2,2,1,3,6,2,3,2,0,1,0,0,0,0,0,0,0,0,0,0,0,0,0,1
0.1,0.0,1,0,1,174.0,1,3,2,1,1,1,1,1,1,3,1,1,1,1,7,6,7,2,0,1,0,0,0,0,0,0,0,0,0,1,0,0,0,0
-0.1,0.3333333333333333,1,0,1,120.0,1,0,2,0,0,1,0,3,1,1,2,3,1,3,5,7,7,1,1,0,0,0,0,0,0,0,0,0,0,0,0,0,0,1
0.2,-0.3333333333333333,1,0,0,75.0,2,1,1,2,0,3,2,0,0,0,0,3,3,2,7,6,4,2,0,1,0,0,0,0,0,0,0,0,0,0,0,1,0,0
4.0,-0.3333333333333333,1,0,1,94.0,0,0,0,1,0,0,0,1,0,0,2,2,1,2,2,2,2,2,1,0,0,0,0,0,0,0,0,0,0,0,0,0,0,1
0.3,1.0,1,0,0,180.0,2,0,2,3,0,0,0,1,0,1,2,1,0,3,9,5,0,2,0,1,0,0,0,0,0,0,0,0,0,1,0,0,0,0
1.3,-1.0,0,1,0,115.0,1,1,0,2,0,0,0,0,0,0,1,0,0,3,3,7,8,0,0,1,0,0,0,0,0,0,0,0,0,0,0,0,0,1
2.8,-0.6666666666666666,0,0,1,128.0,2,0,0,0,0,3,1,0,0,3,0,3,3,2,4,5,9,2,0,1,0,0,0,0,0,0,0,0,0,0,0,1,0,0
1.2,0.3333333333333333,1,1,1,112.0,1,2,1,1,1,1,1,0,0,3,1,2,1,3,1,0,7,2,1,0,0,0,0,0,0,0,0,0,0,0,0,0,0,1
0.1,-0.3333333333333333,0,1,0,140.0,0,0,1,0,0,0,0,0,0,0,3,1,1,3,3,2,0,1,1,0,0,0,0,0,0,0,0,0,0,0,1,0,0,0
1.7,0.0,1,0,1,143.0,1,0,0,0,0,0,0,0,0,0,3,0,0,2,1,6,1,2,0,1,0,0,0,0,0,0,0,0,0,0,1,0,0,0
0.2,0.3333333333333333,0,0,1,72.0,1,1,0,1,0,3,1,0,0,2,1,3,2,2,8,10,4,1,0,0,1,0,0,0,0,1,0,0,0,0,0,0,0,0
1.3,-0.3333333333333333,0,0,0,100.0,1,1,1,0,0,2,1,1,0,1,1,0,0,1,8,10,10,1,1,0,0,0,0,0,0,0,0,0,0,1,0,0,0,0
1.9,0.0,1,0,1,120.0,0,0,0,0,0,0,2,0,2,0,3,1,1,2,3,0,8,1,1,0,0,0,0,0,0,0,0,0,0,0,1,0,0,0
0.6,-0.6666666666666666,0,0,1,40.0,2,0,1,0,0,3,1,0,0,1,0,2,3,0,3,4,1,2,0,1,0,0,0,0,0,1,0,0,0,0,0,0,0,0
3.3,2.3333333333333335,1,0,1,40.0,2,2,0,1,0,0,1,0,0,0,1,1,2,2,2,1,2,2,0,0,1,0,0,0,0,0,0,0,0,0,0,0,0,1
-0.5,2.3333333333333335,0,0,1,105.0,1,3,0,3,1,1,2,0,0,0,3,2,1,3,0,0,0,1,0,1,0,0,0,0,0,0,0,0,0,0,0,0,0,1
0.2,2.3333333333333335,1,0,0,119.0,1,0,2,2,0,1,0,2,0,2,1,2,0,2,8,8,5,2,1,0,0,0,0,0,0,0,0,0,0,1,0,0,0,0
1.4,0.3333333333333333,0,0,1,40.0,0,3,0,1,0,0,0,0,0,0,2,2,0,2,1,1,1,1,0,1,0,1,0,0,0,0,0,0,0,0,0,0,0,0
0.1,0.3333333333333333,1,0,1,137.0,1,2,3,3,0,2,2,0,1,2,3,3,2,3,8,7,6,2,0,0,1,0,0,1,0,0,0,0,0,0,0,0,0,0
2.0,0.0,0,0,1,178.0,3,1,0,1,0,0,0,2,0,0,3,1,0,2,6,5,4,1,0,1,0,0,0,0,0,0,0,0,0,0,1,0,0,0
4.2,-0.3333333333333333,1,0,1,133.0,3,2,1,3,0,1,2,0,1,0,0,0,1,3,5,4,6,2,0,1,0,0,0,0,0,0,0,0,0,0,0,0,0,1
0.7,-0.6666666666666666,0,1,1,72.0,1,1,0,1,0,1,0,0,0,2,1,2,0,2,3,1,0,1,0,1,0,0,0,0,0,0,0,0,0,0,0,0,0,1
0.1,1.0,1,1,1,40.0,1,3,2,3,1,2,2,0,1,2,2,2,1,3,4,8,2,2,0,1,0,1,0,0,0,0,0,0,0,0,0,0,0,0
3.7,-0.6666666666666666,1,0,1,133.0,1,2,1,2,2,2,2,0,1,1,2,1,2,2,5,6,3,2,0,0,1,0,0,0,0,0,0,0,0,0,0,0,0,1
3.7,-0.6666666666666666,1,1,1,80.0,2,1,0,1,2,1,2,1,1,0,0,1,0,0,0,0,2,2,0,0,1,0,0,0,0,0,0,0,0,0,0,0,0,0
4.6,0.3333333333333333,1,0,0,146.0,0,2,0,0,0,0,2,0,0,0,1,0,1,3,7,6,7,2,1,0,0,0,0,0,0,0,0,0,0,0,0,0,0,1
4.9,-0.3333333333333333,1,0,0,88.0,2,3,0,0,0,0,0,0,0,0,0,0,0,0,8,5,6,2,1,0,0,1,0,0,0,0,0,0,0,0,0,0,0,0
3.9,-0.3333333333333333,1,0,0,132.0,2,2,0,2,1,0,1,0,1,0,1,2,2,3,4,4,2,2,0,0,1,0,0,0,0,0,0,0,0,0,0,0,0,1
-0.6,-0.3333333333333333,1,1,1,102.0,1,1,2,0,2,1,2,2,0,0,0,3,2,2,9,8,10,2,0,1,0,0,0,0,0,0,0,0,0,0,0,1,0,0
-0.3,1.0,1,0,1,91.0,3,1,3,1,2,3,2,0,2,3,2,3,3,2,5,5,7,2,0,0,1,0,1,0,0,0,0,0,0,0,0,0,0,0
3.7,0.0,1,0,1,127.0,2,0,2,1,2,3,3,0,2,3,0,1,3,2,4,6,8,2,1,0,0,0,0,0,0,1,0,0,0,0,0,0,0,0
0.7,-0.6666666666666666,1,0,1,82.0,2,1,1,1,1,2,2,1,2,3,1,2,2,2,4,8,5,2,1,0,0,0,0,0,0,0,0,0,0,1,0,0,0,0
0.1,0.3333333333333333,1,1,1,141.0,1,1,0,2,0,1,2,0,0,3,1,2,1,3,9,10,6,2,0,1,0,0,0,0,0,0,0,0,0,1,0,0,0,0
2.8,-0.8333333333333334,0,0,0,114.0,3,2,1,2,3,2,2,1,1,0,1,2,2,1,3,2,2,2,0,0,1,0,0,0,0,0,0,0,0,0,0,0,0,0
-0.1,1.6666666666666667,1,0,1,148.0,0,1,1,2,0,0,1,0,0,1,2,1,2,3,6,2,2,2,0,0,1,0,0,0,0,0,0,0,0,0,0,0,0,1
3.4,4.0,1,0,0,156.0,1,0,0,3,0,0,2,0,1,0,0,1,0,3,2,0,3,1,0,0,1,0,0,0,0,0,0,0,0,0,0,0,0,1
2.7,-0.5,1,1,0,185.0,1,0,1,0,0,0,1,0,0,0,2,0,1,1,10,8,0,2,0,1,0,0,0,0,0,0,0,0,0,0,1,0,0,0
-0.7,-0.3333333333333333,1,1,1,114.0,2,0,1,0,0,2,2,3,0,2,0,1,1,0,4,4,2,2,0,1,0,0,0,0,0,0,0,1,0,0,0,0,0,0
-0.3,0.0,1,1,1,120.0,2,0,2,1,0,3,2,3,3,2,1,3,3,2,7,8,6,2,0,1,0,0,0,0,0,0,0,0,0,0,0,1,0,0
0.4,-0.6666666666666666,1,0,1,80.0,3,1,1,1,0,2,2,0,0,1,3,3,1,2,7,6,5,2,0,1,0,0,0,0,0,0,0,0,0,0,0,1,0,0
5.0,-0.9166666666666666,1,0,0,60.0,2,1,0,1,2,0,0,0,2,0,0,1,1,1,1,0,0,2,1,0,0,0,0,0,1,0,0,0,0,0,0,0,0,0
3.9,-0.6666666666666666,0,1,0,60.0,2,1,0,0,3,1,0,0,0,0,0,0,0,1,6,2,8,2,0,0,1,0,0,0,1,0,0,0,0,0,0,0,0,0
-0.3,-0.6666666666666666,1,0,0,116.0,1,1,2,2,0,1,2,0,0,0,2,0,1,2,4,5,7,1,1,0,0,0,1,0,0,0,0,0,0,0,0,0,0,0
-0.2,0.6666666666666666,1,0,0,99.0,1,3,2,1,1,3,0,1,3,0,1,2,2,1,10,7,0,2,0,1,0,0,0,0,0,1,0,0,0,0,0,0,0,0
5.3,-0.6666666666666666,0,0,0,129.0,1,3,0,2,2,0,1,0,2,0,0,3,2,2,4,2,1,2,1,0,0,0,0,0,0,0,0,0,0,0,0,1,0,0
1.5,-0.6666666666666666,1,0,0,131.0,2,0,0,0,0,3,0,0,0,0,0,3,2,2,7,6,2,2,1,0,0,0,0,0,0,1,0,0,0,0,0,0,0,0
-0.7,1.3333333333333333,1,0,1,95.0,0,0,0,0,0,2,0,0,0,3,0,3,0,0,3,2,8,2,0,1,0,0,0,0,0,0,0,0,0,1,0,0,0,0
-0.1,0.0,0,1,1,80.0,3,1,1,2,0,3,2,0,2,1,1,2,2,3,10,7,4,2,0,1,0,0,0,0,0,1,0,0,0,0,0,0,0,0
-0.6,0.0,1,0,1,204.0,1,0,1,0,0,3,2,3,0,0,0,1,2,2,4,0,0,1,0,1,0,0,0,0,0,0,0,1,0,0,0,0,0,0
-0.2,1.3333333333333333,1,0,0,128.0,2,1,0,1,0,0,2,0,0,0,1,0,0,3,7,7,0,2,1,0,0,0,0,0,0,0,0,0,0,0,0,0,0,1
0.8,1.6666666666666667,1,0,0,140.0,1,2,3,2,0,2,1,0,0,1,2,0,0,3,6,7,4,2,0,1,0,0,1,0,0,0,0,0,0,0,0,0,0,0
0.3,-0.3333333333333333,1,0,1,159.0,0,1,3,2,3,0,0,0,0,1,3,1,0,2,7,6,2,2,0,1,0,0,0,0,0,0,0,0,0,0,1,0,0,0
-0.3,-0.3333333333333333,1,0,1,104.0,1,1,1,1,1,3,1,1,2,1,2,3,3,3,6,5,8,2,0,0,0,0,0,0,0,0,0,0,0,0,0,1,0,0
0.0,-0.3333333333333333,1,0,1,97.0,2,0,0,2,0,1,1,1,0,1,0,3,1,3,10,10,2,2,0,1,0,0,0,0,0,0,0,0,0,0,0,0,0,1
-0.2,-0.3333333333333333,1,0,1,80.0,1,0,1,0,0,2,2,3,0,2,0,2,3,2,7,6,5,2,0,1,0,0,0,0,0,0,0,1,0,0,0,0,0,0
0.4,0.3333333333333333,0,0,1,134.0,2,0,0,1,1,0,0,1,3,0,0,3,2,0,3,0,0,2,0,1,0,0,1,0,0,0,0,0,0,0,0,0,0,0
0.7,1.6666666666666667,1,0,1,40.0,1,1,1,2,1,2,2,1,1,3,1,3,2,3,8,2,1,1,0,1,0,0,0,0,0,0,0,0,0,0,0,0,0,1
0.6,0.3333333333333333,1,0,1,135.0,1,0,0,0,0,2,1,2,0,2,0,1,0,1,7,6,6,2,1,0,0,0,0,0,0,1,0,0,0,0,0,0,0,0
3.9,-0.6666666666666666,0,0,1,129.0,2,1,0,2,0,0,2,0,0,0,0,1,1,2,3,2,5,1,0,1,0,0,0,0,0,0,0,0,0,0,0,0,0,1
0.4,0.6666666666666666,0,0,0,40.0,1,1,0,1,0,0,0,0,0,0,3,2,0,2,8,2,1,2,0,0,1,0,0,0,0,0,0,0,0,0,1,0,0,0
3.9,-0.3333333333333333,1,0,0,40.0,1,2,0,0,0,0,0,0,0,0,2,1,2,3,7,7,2,2,1,0,0,0,0,0,0,0,0,0,0,0,0,0,0,1
2.2,-0.6666666666666666,0,0,0,110.0,0,3,0,0,0,1,0,0,0,0,0,2,0,1,5,1,1,2,1,0,0,1,0,0,0,0,0,0,0,0,0,0,0,0
3.0,0.6666666666666666,1,0,0,180.0,2,1,0,2,0,0,1,0,0,0,2,1,1,3,1,2,1,1,1,0,0,0,0,0,0,0,0,0,0,0,0,0,0,1
4.2,1.6666666666666667,1,0,1,70.0,2,2,1,1,0,0,1,0,1,1,0,2,1,2,2,1,2,2,0,0,1,0,0,0,0,0,0,0,0,0,0,0,0,1
4.3,-0.3333333333333333,1,0,0,40.0,3,0,1,3,0,1,1,0,1,1,0,3,1,1,5,2,4,2,0,0,1,0,0,0,0,0,0,0,0,0,0,0,0,0
0.1,-0.3333333333333333,1,0,0,40.0,2,1,2,2,1,2,0,1,0,3,1,3,1,2,7,2,1,2,0,1,0,0,0,0,0,0,0,0,0,0,0,1,0,0
0.3,-0.6666666666666666,1,0,0,103.0,2,0,3,3,1,2,2,1,1,3,1,2,1,3,10,10,7,2,0,0,1,0,0,1,0,0,0,0,0,0,0,0,0,0
-0.2,1.6666666666666667,1,0,1,99.0,1,2,2,3,0,3,0,3,2,1,1,3,2,3,7,2,1,2,0,1,0,0,0,0,0,0,0,0,0,0,0,1,0,0
3.5,1.6666666666666667,1,0,1,117.0,2,1,1,2,0,2,2,1,1,1,2,2,2,2,6,4,1,2,0,0,0,0,0,0,0,0,0,0,0,0,0,1,0,0
-0.1,-0.6666666666666666,0,0,1,102.0,1,0,3,0,0,2,0,1,1,3,1,3,0,0,5,9,6,2,0,1,0,0,1,0,0,0,0,0,0,0,0,0,0,0
-0.2,-0.6666666666666666,1,1,0,127.0,3,0,0,1,1,2,2,1,1,3,0,2,2,1,7,5,7,2,1,0,0,0,1,0,0,0,0,0,0,0,0,0,0,0
-0.1,1.6666666666666667,1,0,1,93.0,1,2,1,3,0,2,3,1,2,3,0,2,1,2,7,6,7,2,0,1,0,0,0,0,0,0,1,0,0,0,0,0,0,0
3.9,-0.3333333333333333,1,0,0,40.0,1,1,0,1,1,0,1,0,0,0,1,2,2,3,0,0,0,2,0,1,0,0,0,0,0,0,0,0,0,0,0,0,0,1
4.4,1.0,1,0,0,146.0,1,1,0,1,1,1,1,1,2,0,0,2,3,2,3,5,0,1,0,0,0,0,0,0,0,0,0,0,0,0,0,0,1,0
0.7,0.0,0,1,1,40.0,3,0,1,2,1,1,3,1,2,3,3,1,2,3,8,8,5,2,0,1,0,0,0,0,0,0,0,0,0,0,1,0,0,0
-0.3,0.3333333333333333,1,1,0,150.0,3,0,3,0,0,0,1,0,0,1,0,2,0,1,8,7,10,2,1,0,0,0,1,0,0,0,0,0,0,0,0,0,0,0
2.1,-0.3333333333333333,1,0,0,85.0,1,0,0,0,0,1,0,0,0,0,0,2,1,2,2,4,5,2,0,1,0,0,0,0,0,0,0,0,0,0,0,0,0,1
5.5,0.0,1,1,0,122.0,3,1,0,1,0,0,1,1,0,1,1,2,0,0,7,3,9,2,1,0,0,0,0,0,0,0,0,0,0,0,0,0,0,0
0.1,0.3333333333333333,0,0,1,40.0,1,2,3,2,0,1,0,0,0,0,1,3,3,2,8,7,4,2,1,0,0,0,0,0,0,0,0,0,0,0,0,1,0,0
3.5,-0.3333333333333333,0,0,1,120.0,2,0,2,2,1,0,3,0,1,1,1,2,1,2,0,0,0,1,1,0,0,0,0,0,0,0,1,0,0,0,0,0,0,0
-0.1,-0.6666666666666666,1,0,0,120.0,0,0,2,0,0,1,2,3,1,1,0,3,2,1,8,6,9,2,0,0,1,0,0,0,0,0,0,0,0,0,0,1,0,0
-0.6,-0.6666666666666666,1,0,1,150.0,0,1,2,0,0,2,1,0,0,3,2,2,1,3,4,2,3,2,0,1,0,0,1,0,0,0,0,0,0,0,0,0,0,0
4.6,-0.6666666666666666,0,0,0,40.0,2,2,0,2,2,2,2,0,2,0,2,2,2,2,3,2,2,2,1,0,0,0,0,0,0,0,0,0,0,0,0,0,0,1
3.6,-0.3333333333333333,1,1,0,174.0,2,0,0,1,3,0,2,0,1,0,0,2,2,1,6,4,10,2,0,1,0,0,0,0,1,0,0,0,0,0,0,0,0,0
0.1,1.3333333333333333,1,0,1,112.0,0,0,2,1,0,3,0,3,2,0,0,3,3,2,8,8,10,2,0,0,0,0,0,0,0,0,0,0,0,0,0,1,0,0
-0.4,0.6666666666666666,1,0,1,180.0,0,0,2,0,0,2,0,3,1,1,0,3,3,1,5,5,5,2,0,1,0,0,0,0,0,0,0,0,0,0,0,1,0,0
-0.2,0.0,1,0,0,121.0,0,3,0,1,2,0,0,0,0,0,1,3,0,3,10,8,6,1,0,1,0,0,0,0,0,0,0,0,0,0,0,0,0,1
2.9,-0.6666666666666666,0,0,0,98.0,2,2,0,0,0,3,2,1,1,0,1,3,2,3,0,0,7,2,1,0,0,0,0,0,0,0,0,0,0,0,0,0,0,1
0.3,1.0,1,1,1,118.0,0,1,2,3,0,1,1,2,0,1,3,2,0,3,8,8,10,2,0,1,0,0,0,0,0,0,0,0,0,0,0,0,0,1
4.6,-0.3333333333333333,0,0,1,40.0,2,0,0,0,0,1,0,0,0,0,2,2,0,2,8,2,0,1,0,0,0,0,0,0,0,0,0,0,0,0,0,0,0,1
-0.3,0.0,1,1,1,135.0,2,2,0,1,1,1,0,0,0,0,3,0,1,1,7,8,4,2,1,0,0,0,0,0,0,0,0,0,0,0,1,0,0,0
-0.1,-0.5,1,0,0,40.0,1,3,2,0,0,2,2,2,1,0,0,2,0,2,0,2,0,2,0,1,0,1,0,0,0,0,0,0,0,0,0,0,0,0
-0.6,0.3333333333333333,1,1,1,105.0,0,1,0,0,2,1,1,1,1,2,1,3,2,3,3,5,4,2,0,1,0,0,0,0,0,0,0,0,0,0,0,1,0,0
-0.4,-0.3333333333333333,1,1,1,122.0,1,0,0,1,0,2,0,3,1,0,0,3,0,0,5,2,3,2,0,1,0,0,0,0,0,0,0,0,0,0,0,1,0,0
1.1,-0.3333333333333333,1,0,1,40.0,0,0,2,2,0,2,2,0,1,2,0,2,2,2,6,1,0,2,0,0,1,0,0,1,0,0,0,0,0,0,0,0,0,0
-0.3,-0.3333333333333333,0,0,1,136.0,1,0,0,0,0,3,1,0,0,0,1,2,1,1,6,3,4,2,0,1,0,0,0,0,0,1,0,0,0,0,0,0,0,0
-0.3,-0.6666666666666666,1,1,1,165.0,2,0,2,0,0,1,1,0,0,1,3,2,0,3,5,6,8,2,0,1,0,0,0,0,0,0,0,0,0,0,0,0,0,1
-0.3,0.0,1,0,1,130.0,2,0,0,0,0,2,0,3,0,1,0,2,3,2,8,4,7,2,0,1,0,0,0,0,0,0,0,1,0,0,0,0,0,0
-0.2,0.0,1,0,1,40.0,0,0,3,0,0,3,1,1,1,1,1,3,2,1,1,1,2,2,0,1,0,0,0,0,0,0,0,0,0,0,0,1,0,0
-0.3,-0.3333333333333333,0,1,1,115.0,0,0,0,0,0,1,0,0,0,0,2,2,1,3,8,3,1,2,0,1,0,0,0,0,0,0,0,0,0,0,0,0,0,1
-0.4,1.0,1,0,1,140.0,1,0,1,0,2,3,2,0,0,2,0,2,2,1,3,3,0,2,1,0,0,0,0,0,0,1,0,0,0,0,0,0,0,0
1.3,0.0,1,0,0,95.0,3,0,0,0,0,0,1,0,0,1,2,1,0,2,0,0,0,1,0,1,0,0,0,0,0,0,0,0,0,0,0,0,0,0
-0.3,0.0,1,0,0,150.0,1,1,2,1,0,3,1,1,0,1,1,3,1,1,5,4,2,1,0,0,1,0,0,0,0,0,0,0,0,0,0,1,0,0
-0.3,-0.3333333333333333,1,0,1,97.0,0,0,0,0,2,3,1,0,1,1,0,2,3,1,2,4,0,2,0,1,0,0,0,0,0,0,0,0,0,0,0,0,1,0
0.1,-0.3333333333333333,1,0,0,40.0,2,1,1,0,3,1,2,1,1,1,0,1,0,0,4,6,0,2,1,0,0,0,1,0,0,0,0,0,0,0,0,0,0,0
-0.3,-0.3333333333333333,1,0,1,40.0,2,1,2,0,0,1,2,1,0,2,0,3,1,2,5,7,2,2,0,1,0,0,0,0,0,0,0,0,0,0,0,1,0,0
-0.2,0.0,1,0,1,122.0,2,1,1,2,1,2,1,1,1,1,1,2,1,3,4,0,7,1,0,1,0,0,0,0,0,0,0,0,0,0,0,0,0,1
0.4,0.3333333333333333,1,0,1,150.0,1,0,2,0,0,3,0,1,1,1,2,3,1,3,10,8,6,1,1,0,0,0,0,0,0,0,0,0,0,0,0,1,0,0
-0.4,-0.3333333333333333,1,1,1,40.0,3,1,0,1,1,1,2,2,1,2,1,3,3,2,3,3,1,2,0,1,0,0,0,0,0,0,0,0,0,0,0,0,1,0
0.4,0.6666666666666666,1,1,1,125.0,2,2,1,0,0,2,0,1,0,1,2,2,0,3,8,7,2,2,0,1,0,0,0,0,0,0,0,0,0,0,0,0,0,1
-0.3,-0.3333333333333333,1,0,0,96.0,2,1,0,0,0,2,1,0,0,3,1,3,3,3,3,3,0,2,0,1,0,0,0,0,0,0,0,0,0,0,0,0,1,0
0.0,-0.6666666666666666,1,0,1,40.0,1,1,2,1,0,3,1,3,1,1,2,3,2,3,4,5,2,2,0,1,0,0,0,0,0,0,0,1,0,0,0,0,0,0
0.3,1.3333333333333333,1,0,1,137.0,2,1,1,3,0,1,1,0,1,2,1,3,1,3,10,10,8,2,0,1,0,0,0,1,0,0,0,0,0,0,0,0,0,0
-0.5,0.0,1,1,0,174.0,1,0,2,0,0,1,2,3,2,2,0,3,1,0,10,2,7,2,0,1,0,0,0,0,0,0,0,1,0,0,0,0,0,0
-0.3,0.0,0,1,1,210.0,0,0,0,1,0,2,3,0,1,0,3,1,2,2,9,6,8,2,0,1,0,0,0,0,0,0,0,0,0,0,1,0,0,0
-0.3,0.3333333333333333,1,0,1,129.0,1,1,1,0,0,3,2,0,0,1,0,3,3,3,6,4,1,2,0,1,0,0,0,0,0,0,0,0,0,0,0,0,1,0
-0.5,0.0,1,0,1,112.0,3,0,0,0,0,1,1,0,0,0,0,3,3,2,3,4,6,2,0,1,0,0,0,0,0,0,0,0,0,0,0,1,0,0
4.7,-0.6666666666666666,1,0,0,40.0,3,0,0,2,3,0,0,0,2,0,0,0,0,0,10,10,10,2,1,0,0,0,0,0,1,0,0,0,0,0,0,0,0,0
-0.5,1.3333333333333333,1,0,1,250.0,0,1,2,1,0,1,1,0,0,0,3,2,0,1,4,8,8,1,0,1,0,0,1,0,0,0,0,0,0,0,0,0,0,0
0.0,-0.6666666666666666,0,0,1,81.0,0,0,0,0,1,3,0,0,0,0,0,3,3,0,3,0,0,2,0,1,0,0,0,0,0,0,0,0,0,0,0,0,1,0
3.2,0.3333333333333333,1,0,1,153.0,1,2,1,1,1,3,1,2,1,0,2,1,2,2,1,0,0,2,1,0,0,0,0,0,0,0,0,0,0,0,0,0,1,0
0.8,0.3333333333333333,1,0,1,120.0,3,0,3,0,0,0,2,0,1,1,0,2,0,1,5,6,7,1,0,1,0,0,0,0,0,0,0,0,0,0,0,0,0,0
-0.3,0.0,1,0,1,89.0,2,0,0,0,0,0,2,1,0,3,0,1,2,0,7,0,3,1,0,1,0,0,1,0,0,0,0,0,0,0,0,0,0,0
0.8,-0.3333333333333333,1,0,0,40.0,0,0,1,1,0,3,0,0,0,2,1,3,0,0,10,8,8,2,0,1,0,0,0,0,0,0,0,0,0,0,0,1,0,0
-0.3,0.3333333333333333,1,1,1,169.0,1,2,3,0,1,3,1,2,2,2,1,2,3,1,3,0,3,2,0,1,0,0,0,0,0,0,0,0,0,0,0,0,1,0
0.1,0.6666666666666666,1,0,1,138.0,0,0,3,0,0,3,0,0,0,3,0,3,3,3,1,0,0,1,0,1,0,0,1,0,0,0,0,0,0,0,0,0,0,0
-0.2,1.0,1,0,0,124.0,2,1,1,1,3,2,1,2,3,1,1,3,2,2,6,6,0,2,1,0,0,0,0,0,0,0,0,0,0,0,0,1,0,0
-0.8,-0.6666666666666666,1,0,1,40.0,0,0,2,0,0,1,2,0,0,2,1,1,1,2,4,3,4,2,0,0,1,0,1,0,0,0,0,0,0,0,0,0,0,0
0.5,-0.6666666666666666,0,0,0,192.0,0,1,2,2,0,1,1,2,2,3,0,3,1,2,6,4,0,2,1,0,0,0,0,0,0,0,0,0,0,0,0,1,0,0
-0.7,0.0,1,0,1,76.0,0,0,0,0,0,2,1,0,0,0,1,2,0,3,2,6,3,0,0,1,0,0,0,0,0,0,0,0,0,0,0,0,0,1
0.6,-0.6666666666666666,1,0,1,119.0,1,1,1,0,1,2,1,3,0,2,0,3,2,2,8,3,3,2,0,1,0,0,0,0,0,0,0,0,0,0,0,1,0,0
0.5,1.6666666666666667,0,0,0,172.0,0,2,2,3,0,3,1,3,0,0,2,2,3,3,8,10,7,1,0,1,0,0,0,0,0,0,0,0,0,0,0,0,0,1
3.8,-0.6666666666666666,0,1,0,79.0,1,0,0,1,2,0,1,0,1,0,0,1,1,3,1,0,0,2,1,0,0,0,0,0,0,0,0,0,0,0,0,0,0,1
0.9,1.6666666666666667,1,1,1,112.0,2,2,0,1,0,2,2,0,2,2,1,2,2,3,8,6,6,2,0,1,0,0,0,0,0,0,0,0,0,0,0,0,0,1
0.6,-0.6666666666666666,1,0,1,130.0,0,1,2,0,0,2,0,1,2,0,0,3,2,2,6,3,1,2,0,1,0,0,0,0,0,0,0,0,0,0,0,1,0,0
-0.3,-0.6666666666666666,0,1,1,116.0,1,0,0,0,0,2,0,0,1,2,0,2,0,0,2,0,3,2,0,0,0,0,0,0,0,1,0,0,0,0,0,0,0,0
0.2,2.3333333333333335,1,1,0,165.0,0,0,0,0,0,0,0,0,0,0,3,0,0,2,0,0,0,1,1,0,0,0,0,0,0,0,0,0,0,0,1,0,0,0
-0.3,2.3333333333333335,1,1,1,110.0,2,2,2,2,1,2,2,2,1,1,3,3,2,3,10,10,6,2,0,1,0,0,0,0,0,0,0,0,0,0,0,0,0,1
1.9,0.6666666666666666,1,0,1,174.0,2,2,2,2,0,3,1,1,2,1,2,3,2,3,3,0,0,2,0,1,0,0,0,0,0,0,0,0,0,0,0,0,0,1
0.3,2.3333333333333335,1,0,1,180.0,2,0,0,1,0,0,0,0,0,1,2,2,0,3,7,9,10,2,0,1,0,0,0,0,0,0,0,0,0,0,0,0,0,1
0.2,-0.3333333333333333,1,1,1,171.0,3,0,1,1,0,0,2,0,1,2,0,3,1,3,8,7,6,2,0,1,0,0,0,0,0,0,0,0,0,0,0,0,0,0
3.5,1.0,1,0,0,40.0,0,0,0,0,0,2,1,0,0,0,0,0,2,0,2,0,10,2,1,0,0,0,0,0,0,0,0,0,0,0,0,0,1,0
0.8,-0.3333333333333333,1,0,1,70.0,1,0,3,0,0,3,1,1,2,2,0,3,3,0,10,7,9,1,1,0,0,0,0,0,0,0,0,0,0,0,0,0,1,0
-0.5,0.0,1,0,0,120.0,0,0,0,0,0,3,0,3,0,0,0,3,2,0,6,0,0,2,1,0,0,0,0,0,0,0,0,0,0,0,0,1,0,0
-0.3,1.6666666666666667,1,1,1,56.0,1,0,1,0,3,2,2,0,2,3,0,2,3,0,3,0,2,2,0,1,0,0,0,0,1,0,0,0,0,0,0,0,0,0
0.0,1.6666666666666667,1,0,1,162.0,3,3,3,3,3,3,3,3,3,3,3,3,3,3,6,5,9,2,0,1,0,0,0,0,0,0,0,0,0,1,0,0,0,0
1.1,1.6666666666666667,1,0,1,101.0,0,0,0,1,0,2,0,0,0,0,2,1,1,3,7,6,5,2,0,1,0,0,0,0,0,0,0,0,0,0,0,0,0,1
0.1,1.6666666666666667,1,1,1,110.0,2,0,2,1,1,1,2,0,0,0,3,1,1,3,10,7,8,2,0,0,1,0,0,0,0,0,0,0,0,0,1,0,0,0
-0.4,3.0,1,1,1,172.0,3,0,1,1,2,3,0,1,3,1,2,1,0,3,0,3,9,1,0,1,0,0,0,0,0,0,0,0,1,0,0,0,0,0
-0.3,1.0,1,0,1,90.0,1,0,3,0,0,2,1,3,3,3,0,3,3,1,0,2,1,2,0,1,0,0,1,0,0,0,0,0,0,0,0,0,0,0
-0.3,0.3333333333333333,1,1,0,135.0,2,1,2,0,2,2,0,3,3,1,0,2,3,0,2,0,0,1,0,1,0,0,0,0,0,0,0,0,0,0,0,0,1,0
0.3,1.6666666666666667,1,0,1,81.0,3,0,1,0,0,3,3,0,1,3,0,1,2,3,2,2,4,1,0,1,0,0,0,0,0,0,1,0,0,0,0,0,0,0
0.0,-0.3333333333333333,0,0,0,170.0,1,0,0,0,1,2,0,0,0,2,2,3,2,3,5,6,3,1,0,1,0,0,0,0,0,0,0,0,0,0,0,1,0,0
2.5,-0.6666666666666666,0,0,0,120.0,0,2,0,0,0,0,0,0,0,0,0,2,0,2,0,0,1,1,1,0,0,0,0,0,0,0,0,0,0,0,0,0,0,1
-0.3,-0.3333333333333333,1,1,1,90.0,0,0,0,0,2,3,0,0,0,2,0,2,3,0,5,4,3,2,0,1,0,0,0,0,0,1,0,0,0,0,0,0,0,0
-0.5,0.0,1,1,1,115.0,1,0,1,0,0,3,3,3,0,2,0,3,3,3,2,7,0,2,0,1,0,0,0,0,0,0,0,1,0,0,0,0,0,0
0.0,-0.6666666666666666,1,0,1,40.0,3,3,1,2,1,2,2,0,0,3,1,2,0,2,0,6,0,2,0,1,0,0,1,0,0,0,0,0,0,0,0,0,0,0
-0.2,-1.0,0,0,1,40.0,3,1,2,1,1,2,1,1,1,1,0,1,1,1,0,0,0,2,1,0,0,0,0,0,0,0,0,0,0,0,0,0,0,0
-0.1,-0.3333333333333333,1,1,1,40.0,2,0,1,0,0,2,2,0,0,1,0,2,2,2,7,5,1,2,0,1,0,0,0,0,0,1,0,0,0,0,0,0,0,0
0.0,-0.9166666666666666,1,1,0,40.0,2,0,0,3,2,1,0,0,0,0,0,1,0,2,7,5,3,1,1,0,0,0,0,1,0,0,0,0,0,0,0,0,0,0
3.5,-0.3333333333333333,1,0,0,220.0,1,0,0,0,0,0,0,0,0,0,3,0,0,3,3,3,1,1,1,0,0,0,0,0,0,0,0,0,0,0,0,0,0,1
0.0,3.0,1,0,1,160.0,2,1,3,1,1,2,2,1,0,2,3,2,1,3,7,10,4,0,0,1,0,0,0,0,0,0,0,0,0,0,0,0,0,1
-0.1,-0.6666666666666666,1,0,1,121.0,1,0,0,3,0,1,1,1,0,2,1,3,1,3,3,2,3,2,0,1,0,0,0,0,0,0,0,0,0,0,0,1,0,0
0.0,-0.6666666666666666,1,0,0,105.0,2,0,1,0,0,1,1,0,0,0,1,2,0,3,5,1,1,2,0,0,0,0,0,0,0,0,0,0,0,0,0,0,0,1
0.4,0.0,1,0,0,110.0,0,1,0,2,0,0,0,0,0,2,0,1,0,3,8,9,4,2,0,1,0,0,0,0,0,0,0,0,0,0,0,0,0,1
1.2,-0.3333333333333333,1,0,1,134.0,1,0,0,2,0,2,1,0,0,0,3,2,2,3,4,8,0,2,0,1,0,0,0,0,0,0,0,0,0,0,1,0,0,0
-0.1,-0.3333333333333333,1,0,1,148.0,1,1,1,1,0,2,2,1,2,2,3,3,2,3,7,9,7,2,0,1,0,0,0,0,0,0,0,0,0,0,0,0,0,1
-0.4,0.0,1,1,1,120.0,2,2,2,0,0,0,0,1,0,1,3,3,0,3,1,5,6,1,0,1,0,0,0,0,0,0,0,0,0,0,0,0,0,1
0.3,-0.6666666666666666,0,0,1,122.0,1,0,2,1,0,0,2,1,0,1,1,2,1,2,3,2,1,1,0,0,1,0,0,0,0,0,1,0,0,0,0,0,0,0
0.5,0.0,1,1,1,90.0,1,1,1,1,0,2,3,0,2,1,3,1,2,3,6,8,0,2,0,1,0,0,0,0,0,0,1,0,0,0,0,0,0,0
-0.4,0.0,1,0,0,122.0,1,1,0,1,0,1,1,0,0,1,3,2,0,3,6,3,6,2,0,0,1,0,0,0,0,0,0,0,0,0,0,0,0,1
-0.5,0.6666666666666666,1,1,1,129.0,2,0,0,1,0,1,2,0,0,1,3,2,0,3,7,4,8,2,0,1,0,0,0,0,0,0,0,0,0,0,1,0,0,0
0.6,1.6666666666666667,1,0,1,132.0,0,0,1,0,0,2,0,0,0,0,3,3,3,2,2,6,9,1,0,1,0,0,0,0,0,0,0,0,0,0,1,0,0,0
0.7,0.3333333333333333,1,0,1,178.0,1,2,2,1,0,3,0,0,3,2,1,3,1,2,8,5,3,2,0,1,0,0,0,0,0,1,0,0,0,0,0,0,0,0
2.7,0.6666666666666666,1,0,1,40.0,3,2,2,3,0,2,1,0,1,0,1,1,1,3,3,3,0,2,1,0,0,0,0,0,0,0,0,0,0,0,0,0,0,1
-0.2,0.0,1,0,0,115.0,0,0,1,1,0,2,0,1,0,3,2,3,2,2,7,5,3,2,0,1,0,0,0,0,0,1,0,0,0,0,0,0,0,0
0.0,0.3333333333333333,1,0,1,137.0,2,3,1,3,0,2,0,0,0,1,2,3,2,3,4,8,2,2,0,0,1,0,0,0,0,0,0,0,0,0,0,0,0,1
0.0,-0.6666666666666666,1,1,0,92.0,3,0,0,0,0,0,0,0,0,0,0,0,0,0,3,0,0,2,1,0,0,0,0,0,0,0,0,0,0,0,0,0,0,0
-0.6,0.3333333333333333,1,0,1,140.0,1,0,2,1,0,1,0,1,0,0,3,2,2,3,10,7,3,2,0,1,0,0,0,0,0,0,0,0,0,0,1,0,0,0
-0.1,-0.6666666666666666,0,0,1,130.0,2,2,1,3,1,1,3,0,0,0,0,3,1,3,10,4,8,2,0,1,0,0,0,0,0,0,0,0,0,0,0,0,0,1
0.0,-0.3333333333333333,1,1,0,40.0,2,0,1,2,1,0,1,0,2,2,1,3,2,3,2,2,0,2,0,0,1,0,1,0,0,0,0,0,0,0,0,0,0,0
0.1,1.0,1,0,1,63.0,0,1,2,3,0,1,1,0,2,2,0,1,1,3,8,7,7,2,0,1,0,0,0,1,0,0,0,0,0,0,0,0,0,0
0.1,-0.3333333333333333,0,0,0,119.0,1,0,0,0,0,1,1,1,0,0,3,3,0,3,10,5,2,2,0,1,0,0,0,0,0,0,0,0,0,0,0,0,0,1
1.0,-0.6666666666666666,1,0,1,40.0,3,1,2,1,0,1,1,1,1,2,2,2,0,3,9,10,10,1,0,1,0,0,0,0,0,0,0,0,0,0,0,0,0,1
-0.1,0.3333333333333333,1,1,1,180.0,1,2,0,0,0,0,1,0,0,0,3,0,0,3,5,2,1,2,0,0,1,0,0,0,0,0,0,0,0,0,1,0,0,0
2.8,1.6666666666666667,1,1,0,68.0,3,0,0,0,0,0,1,0,0,0,1,1,0,1,4,8,9,2,1,0,0,0,0,0,0,0,0,0,0,0,0,0,0,0
2.1,-0.3333333333333333,1,0,1,85.0,2,1,0,0,1,1,0,2,2,1,3,3,2,3,7,8,5,2,0,1,0,0,0,0,0,0,0,0,0,0,1,0,0,0
0.5,-0.3333333333333333,1,0,1,128.0,1,2,3,2,0,2,1,0,2,1,1,2,1,3,2,2,0,1,0,1,0,0,1,0,0,0,0,0,0,0,0,0,0,0
-0.4,2.3333333333333335,1,0,1,150.0,1,2,1,1,0,3,0,3,1,2,3,3,2,3,10,3,0,2,0,1,0,0,0,0,0,0,0,1,0,0,0,0,0,0
0.9,-1.0,0,0,0,40.0,1,0,1,0,0,0,0,0,0,0,2,0,0,1,10,10,10,2,1,0,0,0,0,0,0,0,0,0,0,0,1,0,0,0
0.2,1.0,1,0,1,92.0,2,2,1,2,0,2,2,2,1,1,1,2,2,2,3,7,7,1,0,1,0,0,0,1,0,0,0,0,0,0,0,0,0,0
0.9,0.0,1,0,1,121.0,1,0,3,0,1,2,0,3,0,0,1,3,2,2,7,5,7,2,0,0,0,0,1,0,0,0,0,0,0,0,0,0,0,0
1.0,-0.3333333333333333,1,0,0,155.0,1,2,0,3,0,1,1,0,0,0,3,3,3,3,7,4,8,2,0,1,0,0,0,0,0,0,0,0,0,0,1,0,0,0
2.1,-0.9166666666666666,0,1,1,150.0,3,1,0,0,0,0,2,0,1,0,1,2,1,2,7,9,4,2,1,0,0,0,0,0,0,0,0,0,0,0,0,0,0,0
-0.5,0.3333333333333333,1,0,1,250.0,2,0,3,0,0,0,0,1,0,0,0,0,0,0,4,7,1,2,1,0,0,0,1,0,0,0,0,0,0,0,0,0,0,0
1.3,-0.3333333333333333,0,0,1,136.0,2,1,0,2,0,1,1,1,1,0,3,2,1,3,5,9,9,2,0,0,1,0,0,0,0,0,0,0,0,0,1,0,0,0
0.0,-0.3333333333333333,1,0,1,121.0,2,0,3,1,0,1,1,1,2,1,2,3,3,2,5,4,10,1,0,0,1,0,0,0,0,0,0,0,0,0,0,1,0,0
0.6,0.0,1,0,0,113.0,1,1,1,1,0,3,1,1,1,1,1,3,3,2,7,2,0,2,0,0,1,0,0,0,0,0,0,0,0,0,0,1,0,0
-0.3,1.0,1,0,1,80.0,0,3,3,3,2,2,1,1,1,2,2,3,2,3,8,6,0,2,0,1,0,0,0,1,0,0,0,0,0,0,0,0,0,0
0.5,0.0,0,0,1,140.0,1,3,0,3,1,2,2,0,0,1,3,1,1,3,1,3,10,1,0,1,0,0,0,0,0,0,0,0,0,0,1,0,0,0
1.6,-0.3333333333333333,1,0,1,100.0,0,0,0,0,0,1,0,0,0,0,2,2,1,2,8,10,10,0,0,1,0,0,0,0,0,0,0,0,0,0,0,0,0,1
0.5,0.6666666666666666,1,1,1,92.0,2,1,1,3,0,3,3,0,1,1,2,2,2,3,4,7,6,1,0,1,0,0,0,1,0,0,0,0,0,0,0,0,0,0
-0.2,0.3333333333333333,0,0,0,120.0,0,0,2,0,0,2,2,2,2,1,0,3,2,2,9,6,3,1,0,1,0,0,0,0,0,0,0,0,0,0,0,1,0,0
0.1,0.3333333333333333,1,0,1,93.0,0,1,0,0,0,1,0,0,0,1,2,3,1,3,10,7,4,2,0,1,0,0,0,0,0,0,0,0,0,0,0,0,0,1
2.2,-1.0,0,0,0,40.0,1,0,0,0,0,1,0,0,0,0,0,2,1,2,1,2,2,1,1,0,0,0,0,0,0,0,0,0,0,0,0,0,0,1
0.3,3.0,1,1,1,136.0,2,1,0,2,1,1,1,0,1,0,3,3,1,3,7,10,0,2,1,0,0,0,0,0,0,0,0,0,0,0,0,0,0,1
0.0,-0.8333333333333334,0,0,0,108.0,0,0,0,0,0,0,0,2,0,0,0,2,0,0,10,2,1,0,1,0,0,0,0,0,0,0,0,0,0,0,0,1,0,0
0.7,-0.6666666666666666,1,0,0,147.0,1,1,0,1,0,0,0,0,0,0,0,2,0,2,2,1,2,2,1,0,0,0,0,0,0,0,0,0,0,0,0,0,0,1
0.2,0.0,1,0,1,93.0,3,0,0,3,0,3,3,0,1,3,1,3,3,2,3,10,0,1,0,0,1,0,0,0,0,0,0,0,0,0,0,0,1,0
-0.1,3.0,0,0,1,98.0,0,2,1,2,2,2,2,1,0,0,2,3,2,3,7,10,2,2,0,0,0,0,0,0,0,0,0,0,0,0,0,0,0,1
-0.4,0.3333333333333333,1,1,0,120.0,0,1,3,0,0,0,1,0,0,1,3,2,0,3,4,2,0,2,0,1,0,0,0,0,0,0,0,0,0,0,1,0,0,0
-0.2,0.0,1,0,0,130.0,1,1,1,1,1,1,1,1,0,0,0,2,2,2,4,2,5,2,0,1,0,0,0,0,0,0,0,0,0,0,0,0,1,0
1.1,-0.6666666666666666,1,0,1,218.0,2,2,2,2,0,1,0,3,1,0,3,1,1,3,6,8,7,2,0,1,0,0,0,0,0,0,0,0,0,0,1,0,0,0
-0.3,0.3333333333333333,0,0,1,123.0,2,3,2,3,1,2,2,0,0,2,3,3,1,3,8,6,4,2,0,0,1,0,0,1,0,0,0,0,0,0,0,0,0,0
-0.1,-0.3333333333333333,1,1,1,135.0,2,1,0,1,0,0,1,1,0,0,0,3,0,3,2,2,0,1,1,0,0,0,0,0,0,0,0,0,0,0,0,0,0,1
0.6,0.0,1,0,1,105.0,1,0,3,1,0,1,1,0,0,3,3,1,1,3,8,7,9,2,0,1,0,0,0,0,0,0,0,0,0,0,0,0,0,1
-0.6,0.0,1,1,0,132.0,2,0,0,0,0,0,0,0,0,1,3,0,0,3,4,3,5,1,0,1,0,0,0,0,0,0,0,0,0,0,0,0,0,1
0.5,-0.6666666666666666,1,0,1,40.0,1,1,2,2,0,0,0,0,1,3,1,3,1,3,6,1,0,1,0,1,0,0,0,0,0,0,0,0,0,0,0,0,0,1
0.3,-0.3333333333333333,1,0,1,115.0,0,0,0,0,0,2,1,1,0,1,0,3,3,1,6,6,3,2,0,1,0,0,0,0,0,0,0,0,0,0,0,1,0,0
-0.1,-0.6666666666666666,1,0,1,120.0,2,0,1,0,2,0,1,3,0,2,0,3,2,1,8,7,1,1,0,1,0,0,0,0,0,0,0,1,0,0,0,0,0,0
0.0,-0.8333333333333334,1,0,1,40.0,0,1,0,1,0,1,1,1,0,2,0,3,1,2,5,3,4,2,0,0,1,0,0,0,0,0,0,0,0,0,0,1,0,0
-0.5,-0.3333333333333333,1,0,0,149.0,3,0,0,0,0,0,0,0,0,0,0,1,0,0,6,2,4,2,0,1,0,0,0,0,0,0,0,0,0,1,0,0,0,0
0.0,2.6666666666666665,1,1,1,125.0,1,1,2,1,1,3,2,1,1,3,3,3,2,3,5,6,6,2,0,1,0,0,0,0,0,0,0,0,0,0,1,0,0,0
0.6,2.3333333333333335,1,1,1,132.0,3,0,0,3,1,1,3,1,1,2,2,2,2,2,6,10,8,2,0,1,0,0,0,0,0,0,1,0,0,0,0,0,0,0
-0.4,0.6666666666666666,1,1,1,110.0,3,1,1,2,1,3,3,0,1,3,2,2,3,3,7,3,9,2,0,1,0,0,0,0,0,0,0,0,0,0,0,0,0,1
0.0,-0.5,1,1,1,110.0,3,1,3,3,2,2,3,0,1,2,1,3,1,2,4,6,0,1,0,1,0,0,0,0,0,0,0,0,0,0,0,0,0,0
-0.4,-0.3333333333333333,1,0,1,116.0,3,2,0,3,2,1,3,0,2,2,0,3,1,2,9,4,0,2,0,1,0,0,0,1,0,0,0,0,0,0,0,0,0,0
0.0,0.0,0,0,1,145.0,2,0,0,1,0,3,0,0,0,2,1,2,2,1,9,7,7,2,0,1,0,0,0,0,0,1,0,0,0,0,0,0,0,0
-0.4,-0.3333333333333333,0,0,1,40.0,2,2,2,3,1,2,2,0,0,0,2,2,2,3,5,10,2,1,0,0,1,0,0,0,0,0,0,0,0,0,0,0,0,1
1.5,0.0,1,0,0,105.0,3,3,2,0,0,1,0,3,2,0,0,1,2,0,1,0,1,2,0,0,1,1,0,0,0,0,0,0,0,0,0,0,0,0
-0.3,0.3333333333333333,0,0,1,80.0,1,0,1,0,2,3,0,3,0,1,0,3,3,0,8,7,2,2,0,1,0,0,0,0,0,0,0,0,0,0,0,0,1,0
-0.3,-0.6666666666666666,0,0,0,100.0,0,0,1,0,0,3,0,3,0,2,0,2,2,1,5,1,4,2,0,1,0,0,0,0,0,0,0,1,0,0,0,0,0,0
-0.3,0.6666666666666666,1,1,1,73.0,3,2,1,0,0,2,1,2,3,2,0,3,2,2,10,6,0,2,0,0,0,0,0,0,0,0,0,0,1,0,0,0,0,0
-0.3,-0.3333333333333333,1,0,1,80.0,0,0,0,0,0,2,0,3,0,0,0,3,3,0,7,5,5,2,0,0,0,0,0,0,0,0,0,0,0,0,0,0,1,0
-0.3,1.3333333333333333,1,0,1,40.0,3,1,0,0,1,3,3,1,0,2,0,2,2,1,3,1,0,2,0,1,0,0,0,0,0,1,0,0,0,0,0,0,0,0
-0.3,-0.3333333333333333,1,0,1,40.0,1,0,1,0,0,2,1,1,0,2,0,2,1,0,5,8,7,2,0,1,0,0,0,0,0,1,0,0,0,0,0,0,0,0
-0.3,-0.6666666666666666,1,0,0,120.0,2,2,1,1,1,2,2,1,1,3,0,1,1,1,2,0,0,1,1,0,0,0,0,0,0,0,0,0,0,0,0,0,0,0
-0.3,-0.6666666666666666,0,1,0,117.0,3,0,2,0,0,2,1,0,0,0,0,2,0,0,7,0,0,1,1,0,0,0,0,0,0,0,0,0,0,0,0,0,0,0
-0.3,0.3333333333333333,1,0,0,40.0,0,1,0,0,0,3,0,0,0,3,0,2,3,0,8,0,0,1,0,1,0,0,0,0,0,0,0,0,0,0,0,0,1,0
-0.1,1.0,1,0,1,89.0,1,0,0,1,0,2,0,2,2,2,0,3,3,0,4,1,1,2,0,1,0,0,0,0,0,0,0,0,0,0,0,0,1,0
-0.2,0.0,1,0,1,115.0,2,0,1,0,0,3,1,1,0,2,0,3,3,0,3,8,0,2,0,1,0,0,0,0,0,1,0,0,0,0,0,0,0,0
-0.4,0.3333333333333333,1,0,1,144.0,2,0,0,0,0,3,0,0,0,3,0,2,0,0,7,0,2,2,0,1,0,0,0,0,0,1,0,0,0,0,0,0,0,0
0.2,0.3333333333333333,1,0,1,105.0,1,1,3,1,1,1,1,1,0,3,2,2,2,2,10,8,10,2,0,1,0,0,0,0,0,0,0,0,0,1,0,0,0,0
-0.3,-0.6666666666666666,1,1,1,114.0,0,1,0,2,1,1,0,2,0,2,0,3,1,2,7,1,1,2,0,0,1,0,0,0,0,0,0,0,0,0,0,1,0,0
-0.2,-0.3333333333333333,1,1,1,145.0,1,0,2,0,0,0,0,2,0,0,1,3,0,2,5,9,1,1,0,1,0,0,0,0,0,0,0,0,0,0,0,1,0,0
5.5,4.333333333333333,1,1,0,143.0,0,0,1,1,0,3,2,0,0,1,1,1,2,1,0,0,0,1,0,1,0,0,0,0,0,1,0,0,0,0,0,0,0,0
-0.1,0.6666666666666666,1,1,1,128.0,3,2,0,2,0,3,1,3,3,3,0,3,3,3,10,6,3,2,0,1,0,0,0,0,0,0,0,0,0,0,0,0,1,0
-0.5,0.0,0,1,1,90.0,1,0,0,1,0,2,2,0,2,0,0,0,2,3,7,3,3,2,0,1,0,0,0,0,0,0,0,0,0,0,0,0,0,1
-0.4,0.3333333333333333,1,1,1,110.0,2,3,0,0,0,1,2,3,1,2,0,3,1,2,2,0,0,2,0,1,0,1,0,0,0,0,0,0,0,0,0,0,0,0
-0.5,2.0,1,0,0,130.0,1,0,0,1,0,0,0,1,1,0,3,2,1,3,10,10,10,2,0,1,0,0,0,0,0,0,0,0,0,0,1,0,0,0
-0.1,-0.6666666666666666,1,0,0,40.0,2,1,1,1,1,2,1,0,0,1,1,3,1,1,8,9,6,0,0,0,1,0,0,0,0,0,0,0,0,0,0,1,0,0
0.9,-0.6666666666666666,1,1,1,115.0,2,1,1,1,1,1,1,2,0,2,2,3,1,3,9,7,8,2,0,0,1,0,0,0,0,0,0,0,0,0,0,0,0,1
1.6,-0.3333333333333333,1,0,1,186.0,2,2,0,2,0,1,2,0,0,0,1,2,1,2,6,4,5,2,0,1,0,0,0,1,0,0,0,0,0,0,0,0,0,0
2.3,-0.5,0,0,0,99.0,1,3,0,3,1,2,0,0,0,0,0,1,1,2,8,5,9,2,0,0,1,0,0,1,0,0,0,0,0,0,0,0,0,0
0.0,-0.3333333333333333,1,1,1,150.0,0,1,1,0,0,0,0,0,0,0,3,1,0,3,3,7,0,2,0,1,0,0,0,0,0,0,0,0,0,0,1,0,0,0
-0.2,0.3333333333333333,1,1,1,149.0,2,2,0,1,0,0,0,0,0,2,0,3,0,0,9,1,0,2,0,1,0,0,0,0,0,0,0,0,0,0,0,1,0,0
0.2,-0.6666666666666666,1,1,1,40.0,1,1,2,2,0,2,1,1,0,2,2,3,2,3,8,6,1,2,0,1,0,0,0,0,0,0,0,0,0,0,0,0,0,1
0.5,-0.6666666666666666,0,0,1,120.0,2,3,2,1,0,1,0,0,0,0,1,2,0,2,4,1,1,2,0,1,0,1,0,0,0,0,0,0,0,0,0,0,0,0
-0.3,0.0,1,0,1,140.0,2,0,0,0,0,1,2,0,0,1,1,1,1,2,6,5,3,1,0,1,0,0,1,0,0,0,0,0,0,0,0,0,0,0
1.4,0.3333333333333333,1,1,1,90.0,2,1,1,2,0,3,3,0,2,3,1,3,3,2,7,8,6,2,0,1,0,0,0,0,0,1,0,0,0,0,0,0,0,0
-0.5,1.6666666666666667,1,1,1,120.0,3,0,1,2,0,0,1,1,1,1,1,2,1,3,8,9,5,2,0,1,0,0,0,0,0,0,0,0,0,0,0,0,0,1
-0.2,0.6666666666666666,1,0,1,210.0,0,0,3,0,0,1,0,0,0,0,3,1,0,3,8,6,7,2,0,1,0,0,0,0,0,0,0,0,0,0,1,0,0,0
0.2,0.0,1,0,0,40.0,0,0,0,1,0,0,2,0,0,1,0,2,1,3,10,5,2,2,1,0,0,0,0,0,0,0,0,0,0,0,0,0,0,1
-0.4,1.6666666666666667,1,0,1,95.0,1,0,3,0,0,2,1,0,0,3,0,3,0,1,5,2,4,1,0,0,1,0,0,0,0,0,0,0,0,0,0,1,0,0
0.8,-0.6666666666666666,0,0,1,163.0,2,3,0,2,2,2,1,0,1,0,1,2,1,3,9,3,2,1,0,0,0,1,0,0,0,0,0,0,0,0,0,0,0,0
0.0,0.3333333333333333,1,1,0,97.0,1,2,0,2,2,1,2,0,0,0,0,2,2,2,4,6,3,2,0,1,0,0,0,0,0,0,0,0,0,0,0,1,0,0
-0.4,-0.6666666666666666,0,0,1,137.0,2,0,0,1,0,1,1,1,2,1,3,2,0,3,9,8,4,2,0,1,0,0,0,0,0,0,0,0,0,0,1,0,0,0
0.2,-0.3333333333333333,0,0,1,40.0,1,0,1,1,0,2,0,1,1,1,3,2,2,3,5,7,10,1,0,1,0,0,0,0,0,0,0,0,0,0,0,0,0,1
-0.4,-0.6666666666666666,1,1,1,70.0,1,0,1,2,0,0,0,0,3,3,3,2,0,3,8,3,9,1,0,1,0,0,0,0,0,0,0,0,0,0,1,0,0,0
0.1,0.0,1,0,1,150.0,1,1,2,2,0,1,2,1,1,1,2,3,1,2,10,10,6,2,0,1,0,0,0,0,0,0,0,0,0,1,0,0,0,0
-0.4,0.6666666666666666,1,0,1,168.0,1,2,3,0,2,3,0,2,0,2,1,3,3,1,7,7,5,2,0,1,0,0,0,0,0,1,0,0,0,0,0,0,0,0
-0.2,0.6666666666666666,1,1,1,163.0,3,2,1,0,1,1,1,3,2,3,1,3,1,2,10,8,1,2,0,1,0,0,0,0,0,0,0,0,0,0,0,1,0,0
-0.2,0.3333333333333333,1,0,1,140.0,2,1,2,0,0,2,2,1,1,2,2,3,2,2,8,6,2,2,0,1,0,0,0,0,0,0,0,0,0,0,0,1,0,0
-0.5,1.0,1,0,1,105.0,1,1,2,1,0,3,2,3,3,1,0,3,3,0,10,7,6,2,0,1,0,0,0,0,0,0,0,0,0,0,0,1,0,0
-0.2,1.0,1,0,1,78.0,1,1,1,0,0,2,2,2,1,2,0,3,1,1,6,6,8,2,0,1,0,0,0,0,0,0,0,0,0,0,0,1,0,0
-0.8,-0.6666666666666666,1,0,1,128.0,1,2,0,1,0,3,1,1,1,3,3,3,0,2,10,10,8,0,0,1,0,0,0,0,0,0,0,0,0,1,0,0,0,0
-0.3,4.333333333333333,1,0,1,90.0,2,1,3,0,1,2,2,0,0,2,2,1,2,2,9,8,5,2,0,0,0,0,1,0,0,0,0,0,0,0,0,0,0,0
0.5,-0.6666666666666666,1,0,1,136.0,2,1,2,3,0,0,1,0,0,1,3,1,0,0,0,0,0,1,0,0,1,0,0,0,0,0,0,0,0,0,1,0,0,0
-0.7,1.3333333333333333,1,1,1,108.0,1,3,2,2,3,2,0,0,0,1,2,3,2,3,7,3,1,2,1,0,0,1,0,0,0,0,0,0,0,0,0,0,0,0
0.0,-0.8333333333333334,0,0,1,95.0,0,1,2,0,0,2,1,2,0,3,0,3,2,3,6,2,2,2,1,0,0,0,0,0,0,0,0,0,0,0,0,1,0,0
0.0,-0.3333333333333333,1,0,1,147.0,2,0,2,1,0,0,2,3,0,2,1,2,3,2,7,6,4,2,0,1,0,0,0,0,0,0,0,0,0,0,0,0,1,0
-0.4,-0.3333333333333333,1,1,1,120.0,3,1,0,2,0,2,1,0,2,1,1,3,0,3,7,6,0,2,0,1,0,0,0,0,0,0,0,0,0,0,0,0,0,1
-0.3,-0.6666666666666666,1,1,1,160.0,1,1,0,0,0,0,1,0,0,1,0,3,0,2,3,2,2,2,0,1,0,0,0,0,0,0,0,0,0,0,0,1,0,0
-0.2,1.0,1,0,1,120.0,1,2,2,1,1,3,1,1,1,2,1,2,2,1,2,2,2,2,1,0,0,0,0,0,0,1,0,0,0,0,0,0,0,0
-0.2,0.6666666666666666,1,1,0,170.0,3,0,0,0,0,0,1,0,0,0,0,0,0,0,2,3,2,2,0,1,0,0,0,0,0,0,0,0,0,0,0,0,0,0
0.8,-0.3333333333333333,1,0,1,98.0,2,1,3,2,1,3,3,2,0,1,0,2,3,3,2,2,2,2,0,0,1,0,0,0,0,1,0,0,0,0,0,0,0,0
